,id,name,owner,address,city,postal_code,region,country,country_code,cadastral_id,power_installed,square_ft_meters_global,square_ft_meters_it,date_of_building_manufacturing,date_of_land_buying_act,main_source,secondary_source,last_update,comment_main_source,comment_secondary_source
0,ACDALIS,ACDALIS,,Neuhofstrasse 21d,Inwil,6340 Baar,Zoug,Switzerland,CH,,,,,,,carte.dcmag.fr,,2024-09-06T15:40:20.555474+02:00,scraped from website with selenium,
0,ADISTA_-_AIX_EN_PROVENCE,ADISTA - AIX EN PROVENCE,,"290, Avenue Galilée",Aix-en-Provence,13100 Aix en Provence,Provence-Alpes-Côte d'Azur,France,FR,,,,,,,carte.dcmag.fr,,2024-09-06T15:40:20.972230+02:00,scraped from website with selenium,
0,ADISTA_-_BOURGES,ADISTA - BOURGES,,14 rue Didier Daurat Esplanade de l’aéroport,,18000 Bourges,Centre-Val de Loire,France,FR,,,,,,,carte.dcmag.fr,,2024-09-06T15:40:21.287198+02:00,scraped from website with selenium,
0,ADISTA_-_MAXÉVILLE,ADISTA - MAXÉVILLE,,9 Rue Blaise Pascal,Maxéville,54320 Maxéville,Grand Est,France,FR,,,,,,,carte.dcmag.fr,,2024-09-06T15:40:21.586882+02:00,scraped from website with selenium,
0,ADISTA_-_SAINT-ETIENNE,ADISTA - SAINT-ETIENNE,,1 Rue de la Presse,Saint-Étienne,42000 Saint-Étienne,Auvergne-Rhône-Alpes,France,FR,,,,,,,carte.dcmag.fr,,2024-09-06T15:40:21.893790+02:00,scraped from website with selenium,
0,ADISTA_FINGERPRINT,ADISTA FINGERPRINT,,5 Rue Jean Charcot,,26100 Romans-sur-Isère,Auvergne-Rhône-Alpes,France,FR,,,,,,,carte.dcmag.fr,,2024-09-06T15:40:22.825812+02:00,scraped from website with selenium,
0,ADVANCED_MEDIOMATRIX,ADVANCED MEDIOMATRIX,,1 Rue du Jardin d'Ecosse,Peltre,57245 Peltre,Grand Est,France,FR,,,,,,,carte.dcmag.fr,,2024-09-06T15:40:23.149414+02:00,scraped from website with selenium,
0,AGARIK_-_ATOS_1,AGARIK - ATOS 1,,210 Boulevard André Bahonneau,,49800 Trélazé,Pays de la Loire,France,FR,,,,,,,carte.dcmag.fr,,2024-09-06T15:40:23.632924+02:00,scraped from website with selenium,
0,AGARIK_-_ATOS_2,AGARIK - ATOS 2,,210 Boulevard André Bahonneau,,49800 Trélazé,Pays de la Loire,France,FR,,,,,,,carte.dcmag.fr,,2024-09-06T15:40:24.018923+02:00,scraped from website with selenium,
0,AGARIK_-_ATOS_3,AGARIK - ATOS 3,,"20, Rue Dieumegard, Rosiers",,93400 Saint-Ouen-sur-Seine,Île-de-France,France,FR,,,,,,,carte.dcmag.fr,,2024-09-06T15:40:24.409772+02:00,scraped from website with selenium,
0,AGARIK_-_ATOS_4,AGARIK - ATOS 4,,Avenue Jean Jaurès,,78340 Les Clayes-sous-Bois,Île-de-France,France,FR,,,,,,,carte.dcmag.fr,,2024-09-06T15:40:24.790086+02:00,scraped from website with selenium,
0,AGARIK_-_ATOS_5,AGARIK - ATOS 5,,Avenue Jean Jaurès,,78340 Les Clayes-sous-Bois,Île-de-France,France,FR,,,,,,,carte.dcmag.fr,,2024-09-06T15:40:25.209893+02:00,scraped from website with selenium,
0,AGS_CLOUD,AGS CLOUD,,265 RUE DE LA GARRIGUETTE,Saint-Aunès,34130 Saint Aunes,Occitanie,France,FR,,,,,,,carte.dcmag.fr,,2024-09-06T15:40:25.593182+02:00,scraped from website with selenium,
0,ALFA-SAFETY_-_PARIS_1,ALFA-SAFETY - PARIS 1,,166 Boulevard du Montparnasse,Paris,75014 Paris,Île-de-France,France,FR,,,,,,,carte.dcmag.fr,,2024-09-06T15:40:25.891625+02:00,scraped from website with selenium,
0,ALFA-SAFETY_-_PARIS_2,ALFA-SAFETY - PARIS 2,,166 Boulevard du Montparnasse,Paris,75014 Paris,Île-de-France,France,FR,,,,,,,carte.dcmag.fr,,2024-09-06T15:40:26.181297+02:00,scraped from website with selenium,
0,ALLIANCE_RÉSEAUX_-_ARCALPIN,ALLIANCE RÉSEAUX - ARCALPIN,,26 Rue de Saint-Exupéry,Saint-Jean-de-Maurienne,73300 Saint-Jean-de-Maurienne,Auvergne-Rhône-Alpes,France,FR,,,,,,,carte.dcmag.fr,,2024-09-06T15:40:26.774980+02:00,scraped from website with selenium,
0,ALPES_NETWORKS,ALPES NETWORKS,,17 rue Mira,Annecy,74650 Chavanod,Auvergne-Rhône-Alpes,France,FR,,,,,,,carte.dcmag.fr,,2024-09-06T15:40:27.111535+02:00,scraped from website with selenium,
0,ALPHALINK_-_TELCO_CENTER,ALPHALINK - TELCO CENTER,,55 Rue de Colombes,,92400 Courbevoie,Île-de-France,France,FR,,,,,,,carte.dcmag.fr,,2024-09-06T15:40:27.486836+02:00,scraped from website with selenium,
0,ALPINEDC,ALPINEDC,,Avenue Gabriel-de-Rumine 13,Lausanne,1005 Lausanne,Vaud,Switzerland,CH,,,,,,,carte.dcmag.fr,,2024-09-06T15:40:27.826901+02:00,scraped from website with selenium,
0,AQUA_RAY_-_AURORA_IVY1,AQUA RAY - AURORA IVY1,,Rue Jules Vanzuppe,,94200 Ivry-sur-Seine,Île-de-France,France,FR,,,,,,,carte.dcmag.fr,,2024-09-06T15:40:28.111459+02:00,scraped from website with selenium,
0,AQUITEM_&_ALIÉNOR.NET,AQUITEM & ALIÉNOR.NET,,375 Av. de Tivoli,,33110 Le Bouscat,Nouvelle-Aquitaine,France,FR,,,,,,,carte.dcmag.fr,,2024-09-06T15:40:28.438867+02:00,scraped from website with selenium,
0,ATARAXIE,ATARAXIE,,"80, Allée d'Iéna",,11000 Carcassonne,Occitanie,France,FR,,,,,,,carte.dcmag.fr,,2024-09-06T15:40:28.746813+02:00,scraped from website with selenium,
0,ATLASEDGE_-_BRUXELLES,ATLASEDGE - BRUXELLES,,Mercuriusstraat 30,Nossegem,1930 Zaventem,Brabant flamand,Belgium,BE,,,,,,,carte.dcmag.fr,,2024-09-06T15:40:29.087638+02:00,scraped from website with selenium,
0,ATLASEDGE_-_PARIS_CDG001,ATLASEDGE - PARIS CDG001,,63 Boulevard Bessières,Paris,75017 Paris,Île-de-France,France,FR,,,,,,,carte.dcmag.fr,,2024-09-06T15:40:29.471673+02:00,scraped from website with selenium,
0,ATLASEDGE_-_ZÜRICH,ATLASEDGE - ZÜRICH,,Badenerstrasse 820,Zurich,8048 Zürich,Zurich,Switzerland,CH,,,,,,,carte.dcmag.fr,,2024-09-06T15:40:29.856407+02:00,scraped from website with selenium,
0,AZNETWORK,AZNETWORK,,40 Rue André Ampere,,61000 Alençon,Normandie,France,FR,,,,,,,carte.dcmag.fr,,2024-09-06T15:40:30.214272+02:00,scraped from website with selenium,
0,AZUR_DATACENTER_-_AZ01,AZUR DATACENTER - AZ01,,4 rue des Vieilles Vignes,Croissy-Beaubourg,77183 Croissy-Beaubourg,Île-de-France,France,FR,,,,,,,carte.dcmag.fr,,2024-09-06T15:40:30.525960+02:00,scraped from website with selenium,
0,AZUR_DATACENTER_-_AZ02,AZUR DATACENTER - AZ02,,950 route des Colles,Biot,06410 Biot,Provence-Alpes-Côte d'Azur,France,FR,,,,,,,carte.dcmag.fr,,2024-09-06T15:40:30.870072+02:00,scraped from website with selenium,
0,BANCADATI,BANCADATI,,Centro Galleria 2,Manno,6928 Manno,Tessin,Switzerland,CH,,,,,,,carte.dcmag.fr,,2024-09-06T15:40:31.675004+02:00,scraped from website with selenium,
0,BAR_INFORMATIK_-_COLOBRIG,BAR INFORMATIK - COLOBRIG,,Weidenweg 235,Brig-Glis,3902 Brig,Valais,Switzerland,CH,,,,,,,carte.dcmag.fr,,2024-09-06T15:40:32.102599+02:00,scraped from website with selenium,
0,BCE_-_JUNGLINSTER_1,BCE - JUNGLINSTER 1,,6 Station Radio,Junglinster,6141 Junglinster,,Luxemburg,LU,,,,,,,carte.dcmag.fr,,2024-09-06T15:40:32.412905+02:00,scraped from website with selenium,
0,BCE_-_JUNGLINSTER_2,BCE - JUNGLINSTER 2,,6 Station Radio,Junglinster,6141 Junglinster,,Luxemburg,LU,,,,,,,carte.dcmag.fr,,2024-09-06T15:40:32.778079+02:00,scraped from website with selenium,
0,BCE_-_KIRCHBERG,BCE - KIRCHBERG,,43 Bd Pierre Frieden,Luxembourg,1543 Luxembourg,,Luxemburg,LU,,,,,,,carte.dcmag.fr,,2024-09-06T15:40:33.101855+02:00,scraped from website with selenium,
0,BEDAG_-_BERN,BEDAG - BERN,,Engehaldenstrasse 12,Berne,3012 Bern,Berne,Switzerland,CH,,,,,,,carte.dcmag.fr,,2024-09-06T15:40:33.461759+02:00,scraped from website with selenium,
0,BEDAG_-_WETTINGEN_DC,BEDAG - WETTINGEN DC,,Hardstrstrasse 73,,5430 Wettingen,Argovie,Switzerland,CH,,,,,,,carte.dcmag.fr,,2024-09-06T15:40:33.978381+02:00,scraped from website with selenium,
0,BLUE_-_CHÂTEAUBOURG,BLUE - CHÂTEAUBOURG,,2 Rue Blaise Pascal,Châteaubourg,35220 Châteaubourg,Bretagne,France,FR,,,,,,,carte.dcmag.fr,,2024-09-06T15:40:34.782899+02:00,scraped from website with selenium,
0,BLUE_-_NANTES,BLUE - NANTES,,"4 rue Edith Piaf, Immeuble Asturia C Parc d’Armor - Zenith",,44821 Saint-Herblain,Pays de la Loire,France,FR,,,,,,,carte.dcmag.fr,,2024-09-06T15:40:35.453901+02:00,scraped from website with selenium,
0,BRAINSERVE,BRAINSERVE,,Rue de la Vernie 12,,1023 Crissier,Vaud,Switzerland,CH,,,,,,,carte.dcmag.fr,,2024-09-06T15:40:35.913056+02:00,scraped from website with selenium,
0,C-DATACENTERS_-_AIX-EN-PROVENCE,C-DATACENTERS - AIX-EN-PROVENCE,,La Provençale,Aix-en-Provence,13510 Aix-en-Provence,Provence-Alpes-Côte d'Azur,France,FR,,,,,,,carte.dcmag.fr,,2024-09-06T15:40:36.388642+02:00,scraped from website with selenium,
0,C-DATACENTERS_-_SAINT-ETIENNE,C-DATACENTERS - SAINT-ETIENNE,,1 Esp. de France,Saint-Étienne,42000 Saint-Étienne,Auvergne-Rhône-Alpes,France,FR,,,,,,,carte.dcmag.fr,,2024-09-06T15:40:36.777786+02:00,scraped from website with selenium,
0,CASTLE_IT,CASTLE IT,,1 - 3 Rue des Pies-Grièches,Larçay,37270 Larcay,Centre-Val de Loire,France,FR,,,,,,,carte.dcmag.fr,,2024-09-06T15:40:37.109422+02:00,scraped from website with selenium,
0,CDROM_-_COURROUX,CDROM - COURROUX,,Pl. des Sciences 1,Courroux,2822 Courroux,Jura,Switzerland,CH,,,,,,,carte.dcmag.fr,,2024-09-06T15:40:37.415722+02:00,scraped from website with selenium,
0,CDROM_-_LE_NOIRMONT,CDROM - LE NOIRMONT,,Sous-la-Velle 14,Le Noirmont,2340 Le Noirmont,Jura,Switzerland,CH,,,,,,,carte.dcmag.fr,,2024-09-06T15:40:37.725708+02:00,scraped from website with selenium,
0,CELEONET,CELEONET,,43 Av. Louis Luc,,94600 Choisy-le-Roi,Île-de-France,France,FR,,,,,,,carte.dcmag.fr,,2024-09-06T15:40:38.066282+02:00,scraped from website with selenium,
0,CELESTE_-_ARMOR,CELESTE - ARMOR,,2 Impasse Joséphine Baker,,44800 Saint-Herblain,Pays de la Loire,France,FR,,,,,,,carte.dcmag.fr,,2024-09-06T15:40:38.436438+02:00,scraped from website with selenium,
0,CELESTE_-_FIL_D'ARIANE,CELESTE - FIL D'ARIANE,,1 Rue Pierre gilles de Gennes,Albi,81000 Albi,Occitanie,France,FR,,,,,,,carte.dcmag.fr,,2024-09-06T15:40:38.813469+02:00,scraped from website with selenium,
0,CELESTE_-_MARILYN,CELESTE - MARILYN,,20 Rue Albert Einstein,Champs-sur-Marne,77420 Champs-sur-Marne,Île-de-France,France,FR,,,,,,,carte.dcmag.fr,,2024-09-06T15:40:39.133368+02:00,scraped from website with selenium,
0,CIVICOS_NETWORKING_-_ROUBAIX,CIVICOS NETWORKING - ROUBAIX,,Roubaix,,59100,Hauts-de-France,France,FR,,,,,,,carte.dcmag.fr,,2024-09-06T15:40:39.504371+02:00,scraped from website with selenium,
0,CKW_-_COLO_ROTKREUZ,CKW - COLO ROTKREUZ,,Rotkreuz,Risch-Rotkreuz,6343,Zoug,Switzerland,CH,,,,,,,carte.dcmag.fr,,2024-09-06T15:40:39.880829+02:00,scraped from website with selenium,
0,CKW_-_COLO_SURSEE,CKW - COLO SURSEE,,Sursee,,6210,Lucerne,Switzerland,CH,,,,,,,carte.dcmag.fr,,2024-09-06T15:40:40.212947+02:00,scraped from website with selenium,
0,CKW_-_COLO_WOLHUSEN,CKW - COLO WOLHUSEN,,Wolhusen,Wolhusen,6110,Lucerne,Switzerland,CH,,,,,,,carte.dcmag.fr,,2024-09-06T15:40:40.539842+02:00,scraped from website with selenium,
0,CKW_-_LUZ_LUZERN_MITTE,CKW - LUZ LUZERN MITTE,,Stadtmitte,Lucerne,6000 Luzern,Lucerne,Switzerland,CH,,,,,,,carte.dcmag.fr,,2024-09-06T15:40:40.877684+02:00,scraped from website with selenium,
0,CKW_-_LUZ_LUZERN_NORD,CKW - LUZ LUZERN NORD,,Schwimmbadstrasse 5,Lucerne,6000 Luzern,Lucerne,Switzerland,CH,,,,,,,carte.dcmag.fr,,2024-09-06T15:40:41.196927+02:00,scraped from website with selenium,
0,CKW_-_LUZ_LUZERN_OST,CKW - LUZ LUZERN OST,,Emmen,,6032,Lucerne,Switzerland,CH,,,,,,,carte.dcmag.fr,,2024-09-06T15:40:41.507444+02:00,scraped from website with selenium,
0,CKW_-_ZUG,CKW - ZUG,,Rotkreuz,Risch-Rotkreuz,6343,Zoug,Switzerland,CH,,,,,,,carte.dcmag.fr,,2024-09-06T15:40:41.852237+02:00,scraped from website with selenium,
0,CLOUDATA,CLOUDATA,,La Boursidière,,92350 Le Plessis-Robinson,Île-de-France,France,FR,,,,,,,carte.dcmag.fr,,2024-09-06T15:40:42.270404+02:00,scraped from website with selenium,
0,CM'IN_-_CHARTRES_MÉTROPOLE_INNOVATION_NUMÉRIQUE,CM'IN - CHARTRES MÉTROPOLE INNOVATION NUMÉRIQUE,,Le Coudray,Le Coudray,28630,Centre-Val de Loire,France,FR,,,,,,,carte.dcmag.fr,,2024-09-06T15:40:42.624901+02:00,scraped from website with selenium,
0,COGENT_-_BORDEAUX,COGENT - BORDEAUX,,Bassin à Flots,Bassens,33300 Bordeaux,Nouvelle-Aquitaine,France,FR,,,,,,,carte.dcmag.fr,,2024-09-06T15:40:42.935360+02:00,scraped from website with selenium,
0,COGENT_-_DIJON,COGENT - DIJON,,41 Quai Gauthey,Dijon,21000 Dijon,Bourgogne-Franche-Comté,France,FR,,,,,,,carte.dcmag.fr,,2024-09-06T15:40:43.278821+02:00,scraped from website with selenium,
0,COGENT_-_GRENOBLE,COGENT - GRENOBLE,,33 rue Joseph Chanrion,Grenoble,38000 Grenoble,Auvergne-Rhône-Alpes,France,FR,,,,,,,carte.dcmag.fr,,2024-09-06T15:40:43.610672+02:00,scraped from website with selenium,
0,COGENT_-_LILLE,COGENT - LILLE,,72 rue Jenner,Lille,59000 Lille,Hauts-de-France,France,FR,,,,,,,carte.dcmag.fr,,2024-09-06T15:40:43.924965+02:00,scraped from website with selenium,
0,COGENT_-_MONTPELLIER,COGENT - MONTPELLIER,,189 Rue du 56ÈME Régiment d'Artillerie,Montpellier,34070 Montpellier,Occitanie,France,FR,,,,,,,carte.dcmag.fr,,2024-09-06T15:40:44.270829+02:00,scraped from website with selenium,
0,COGENT_-_NANTES,COGENT - NANTES,,Boulevard Victor Hugo,Nantes,44007 Nantes,Pays de la Loire,France,FR,,,,,,,carte.dcmag.fr,,2024-09-06T15:40:44.577677+02:00,scraped from website with selenium,
0,COGENT_-_NICE,COGENT - NICE,,Avenue Thiers,Nice,06000 Nice,Provence-Alpes-Côte d'Azur,France,FR,,,,,,,carte.dcmag.fr,,2024-09-06T15:40:44.907814+02:00,scraped from website with selenium,
0,COGENT_-_PARIS_1,COGENT - PARIS 1,,77 Bd de la République,,92257 La Garenne-Colombes,Île-de-France,France,FR,,,,,,,carte.dcmag.fr,,2024-09-06T15:40:45.243691+02:00,scraped from website with selenium,
0,COGENT_-_PARIS_2,COGENT - PARIS 2,,16 Rue Grange Dame Rose,,78140 Vélizy-Villacoublay,Île-de-France,France,FR,,,,,,,carte.dcmag.fr,,2024-09-06T15:40:45.593194+02:00,scraped from website with selenium,
0,COGENT_-_POITIERS,COGENT - POITIERS,,18-22 Bd Jeanne d'Arc,,86000 Poitiers,Nouvelle-Aquitaine,France,FR,,,,,,,carte.dcmag.fr,,2024-09-06T15:40:45.950736+02:00,scraped from website with selenium,
0,COGENT_-_RENNES,COGENT - RENNES,,"Parc Lorans, Av. Chardonnet",Rennes,35000 Rennes,Bretagne,France,FR,,,,,,,carte.dcmag.fr,,2024-09-06T15:40:46.422734+02:00,scraped from website with selenium,
0,COGENT_-_ROUEN,COGENT - ROUEN,,20 Rue Alexandre Barrabé,Rouen,76100 Rouen,Normandie,France,FR,,,,,,,carte.dcmag.fr,,2024-09-06T15:40:46.764415+02:00,scraped from website with selenium,
0,COGENT_-_SOPHIA-ANTIPOLIS,COGENT - SOPHIA-ANTIPOLIS,,Pôle Entreprise Euro 95 165 rue Cistes,,06600 Antibes,Provence-Alpes-Côte d'Azur,France,FR,,,,,,,carte.dcmag.fr,,2024-09-06T15:40:47.103952+02:00,scraped from website with selenium,
0,COGENT_-_STRASBOURG,COGENT - STRASBOURG,,46 Rte de Bischwiller,,67300 Schiltigheim,Grand Est,France,FR,,,,,,,carte.dcmag.fr,,2024-09-06T15:40:47.472641+02:00,scraped from website with selenium,
0,COGENT_-_TOULOUSE,COGENT - TOULOUSE,,125 Chem. du Sang de Serp,Toulouse,31200 Toulouse,Occitanie,France,FR,,,,,,,carte.dcmag.fr,,2024-09-06T15:40:47.818250+02:00,scraped from website with selenium,
0,COGENT_-_TOURS,COGENT - TOURS,,171 Rue des Douets,Tours,37100 Tours,Centre-Val de Loire,France,FR,,,,,,,carte.dcmag.fr,,2024-09-06T15:40:48.118085+02:00,scraped from website with selenium,
0,COLO_BÂLE,COLO BÂLE,,Güterstrasse 72,,4133 Pratteln,Bâle-Campagne,Switzerland,CH,,,,,,,carte.dcmag.fr,,2024-09-06T15:40:48.452392+02:00,scraped from website with selenium,
0,COLOROOT,COLOROOT,,Platz 4,Root,6039 Root D4,Lucerne,Switzerland,CH,,,,,,,carte.dcmag.fr,,2024-09-06T15:40:48.786836+02:00,scraped from website with selenium,
0,COLT,COLT,,15 Av. du Cap Horn,,91940 Les Ulis,Île-de-France,France,FR,,,,,,,carte.dcmag.fr,,2024-09-06T15:40:49.252448+02:00,scraped from website with selenium,
0,COM6,COM6,,15 Chem. des Hirondelles,Dardilly,69570 Dardilly,Auvergne-Rhône-Alpes,France,FR,,,,,,,carte.dcmag.fr,,2024-09-06T15:40:49.577848+02:00,scraped from website with selenium,
0,COMARCH,COMARCH,,17 Rue Paul Langevin ZI du Hellu,Lezennes,59260 Lezennes,Hauts-de-France,France,FR,,,,,,,carte.dcmag.fr,,2024-09-06T15:40:50.551850+02:00,scraped from website with selenium,
0,CYLLENE_-_COURBEVOIE,CYLLENE - COURBEVOIE,,Courbevoie,,92400,Île-de-France,France,FR,,,,,,,carte.dcmag.fr,,2024-09-06T15:40:51.072433+02:00,scraped from website with selenium,
0,CYLLENE_-_MONTIGNY-LE-BRETONNEUX,CYLLENE - MONTIGNY-LE-BRETONNEUX,,8 Av. des 3 Peuples,,78180 Montigny-le-Bretonneux,Île-de-France,France,FR,,,,,,,carte.dcmag.fr,,2024-09-06T15:40:51.610877+02:00,scraped from website with selenium,
0,CYLLENE_-_NANTERRE,CYLLENE - NANTERRE,,105 Rue Veuve Lacroix,,92000 Nanterre,Île-de-France,France,FR,,,,,,,carte.dcmag.fr,,2024-09-06T15:40:51.936237+02:00,scraped from website with selenium,
0,CYRÈS_GROUPE,CYRÈS GROUPE,,9 Rue de Suède,Tours,37100 Tours,Centre-Val de Loire,France,FR,,,,,,,carte.dcmag.fr,,2024-09-06T15:40:52.248569+02:00,scraped from website with selenium,
0,D-LAKE,D-LAKE,,3 Esplanade Augustin,Annecy,74960 Annecy,Auvergne-Rhône-Alpes,France,FR,,,,,,,carte.dcmag.fr,,2024-09-06T15:40:52.626763+02:00,scraped from website with selenium,
0,DATA_17,DATA 17,,350 Rue de la Prairie,Fossemagne,17400 Saint-Jean-d'Angély,Nouvelle-Aquitaine,France,FR,,,,,,,carte.dcmag.fr,,2024-09-06T15:40:53.258698+02:00,scraped from website with selenium,
0,DATA11,DATA11,,Glutz-Blotzheim-Strasse 1,,4500 Solothurn,Soleure,Switzerland,CH,,,,,,,carte.dcmag.fr,,2024-09-06T15:40:53.660393+02:00,scraped from website with selenium,
0,DATA4_-_DC01,DATA4 - DC01,,Route de Nozay,Marcoussis,91460 Marcoussis,Île-de-France,France,FR,,,,,,,carte.dcmag.fr,,2024-09-06T15:40:54.360715+02:00,scraped from website with selenium,
0,DATA4_-_DC02,DATA4 - DC02,,Route de Nozay,Marcoussis,91460 Marcoussis,Île-de-France,France,FR,,,,,,,carte.dcmag.fr,,2024-09-06T15:40:55.119247+02:00,scraped from website with selenium,
0,DATA4_-_DC03,DATA4 - DC03,,Route de Nozay,Marcoussis,91460 Marcoussis,Île-de-France,France,FR,,,,,,,carte.dcmag.fr,,2024-09-06T15:40:55.900328+02:00,scraped from website with selenium,
0,DATA4_-_DC04,DATA4 - DC04,,Route de Nozay,Marcoussis,91460 Marcoussis,Île-de-France,France,FR,,,,,,,carte.dcmag.fr,,2024-09-06T15:40:56.745583+02:00,scraped from website with selenium,
0,DATA4_-_DC05,DATA4 - DC05,,Route de Nozay,Marcoussis,91460 Marcoussis,Île-de-France,France,FR,,,,,,,carte.dcmag.fr,,2024-09-06T15:40:57.565223+02:00,scraped from website with selenium,
0,DATA4_-_DC06,DATA4 - DC06,,Route de Nozay,Marcoussis,91460 Marcoussis,Île-de-France,France,FR,,,,,,,carte.dcmag.fr,,2024-09-06T15:40:58.407207+02:00,scraped from website with selenium,
0,DATA4_-_DC07,DATA4 - DC07,,Route de Nozay,Marcoussis,91460 Marcoussis,Île-de-France,France,FR,,,,,,,carte.dcmag.fr,,2024-09-06T15:40:59.256899+02:00,scraped from website with selenium,
0,DATA4_-_DC08,DATA4 - DC08,,Route de Nozay,Marcoussis,91460 Marcoussis,Île-de-France,France,FR,,,,,,,carte.dcmag.fr,,2024-09-06T15:41:00.038200+02:00,scraped from website with selenium,
0,DATA4_-_DC09,DATA4 - DC09,,Route de Nozay,Marcoussis,91460 Marcoussis,Île-de-France,France,FR,,,,,,,carte.dcmag.fr,,2024-09-06T15:41:00.878410+02:00,scraped from website with selenium,
0,DATA4_-_DC10,DATA4 - DC10,,Route de Nozay,Marcoussis,91460 Marcoussis,Île-de-France,France,FR,,,,,,,carte.dcmag.fr,,2024-09-06T15:41:01.613748+02:00,scraped from website with selenium,
0,DATA4_-_DC11,DATA4 - DC11,,Route de Nozay,Marcoussis,91460 Marcoussis,Île-de-France,France,FR,,,,,,,carte.dcmag.fr,,2024-09-06T15:41:02.352407+02:00,scraped from website with selenium,
0,DATA4_-_DC12,DATA4 - DC12,,Route de Nozay,Marcoussis,91460 Marcoussis,Île-de-France,France,FR,,,,,,,carte.dcmag.fr,,2024-09-06T15:41:03.101844+02:00,scraped from website with selenium,
0,DATA4_-_LUXEMBOURG_1,DATA4 - LUXEMBOURG 1,,"7, rue de Bitbourg",Luxembourg,1273 Luxembourg,,Luxemburg,LU,,,,,,,carte.dcmag.fr,,2024-09-06T15:41:03.607735+02:00,scraped from website with selenium,
0,DATA4_-_LUXEMBOURG_2,DATA4 - LUXEMBOURG 2,,"7, rue de Bitbourg",Luxembourg,1273 Luxembourg,,Luxemburg,LU,,,,,,,carte.dcmag.fr,,2024-09-06T15:41:03.941018+02:00,scraped from website with selenium,
0,DATACAMPUS_-_CASSIN_1,DATACAMPUS - CASSIN 1,,Technopole du Futuroscope 86360 Chasseneuil,Chasseneuil-du-Poitou,86360 Chasseneuil,Nouvelle-Aquitaine,France,FR,,,,,,,carte.dcmag.fr,,2024-09-06T15:41:04.286394+02:00,scraped from website with selenium,
0,DATACENTER_UNITED_-_ANTWERP_DC,DATACENTER UNITED - ANTWERP DC,,Haïfastraat 6,Anvers,2030 Antwerpen,Anvers,Belgium,BE,,,,,,,carte.dcmag.fr,,2024-09-06T15:41:04.616282+02:00,scraped from website with selenium,
0,DATACENTER_UNITED_-_BRUSSELS_DC,DATACENTER UNITED - BRUSSELS DC,,Excelsiorlaan 15,,"1930 Zaventem,",Brabant flamand,Belgium,BE,,,,,,,carte.dcmag.fr,,2024-09-06T15:41:04.976219+02:00,scraped from website with selenium,
0,DATACENTER_UNITED_-_DATACENTER_VLAANDEREN,DATACENTER UNITED - DATACENTER VLAANDEREN,,Noorderlaan 147,Anvers,2030 Antwerpen,Anvers,Belgium,BE,,,,,,,carte.dcmag.fr,,2024-09-06T15:41:05.427763+02:00,scraped from website with selenium,
0,DATAGREX,DATAGREX,,28 Rue de Villeneuve,Saint-Saturnin,72650 Saint-Saturnin,Pays de la Loire,France,FR,,,,,,,carte.dcmag.fr,,2024-09-06T15:41:05.775425+02:00,scraped from website with selenium,
0,DATAOUEST_1,DATAOUEST 1,,77 Rue Leny Escudero,,50000 Saint-Lô,Normandie,France,FR,,,,,,,carte.dcmag.fr,,2024-09-06T15:41:06.586654+02:00,scraped from website with selenium,
0,DATAOUEST_2,DATAOUEST 2,,77 Rue Leny Escudero,,50000 Saint-Lô,Normandie,France,FR,,,,,,,carte.dcmag.fr,,2024-09-06T15:41:07.201240+02:00,scraped from website with selenium,
0,DATAWIRE_-_ZG01,DATAWIRE - ZG01,,Hinterbergstrasse 22,Steinhausen,6330 Cham,Zoug,Switzerland,CH,,,,,,,carte.dcmag.fr,,2024-09-06T15:41:07.591860+02:00,scraped from website with selenium,
0,DATAWIRE_-_ZG02,DATAWIRE - ZG02,,Hinterbergstrasse 22,Steinhausen,6330 Cham,Zoug,Switzerland,CH,,,,,,,carte.dcmag.fr,,2024-09-06T15:41:07.914638+02:00,scraped from website with selenium,
0,DATAXION,DATAXION,,"16 Avenue Jean D'alembert, Za Pissaloup",,78190 Trappes,Île-de-France,France,FR,,,,,,,carte.dcmag.fr,,2024-09-06T15:41:08.275928+02:00,scraped from website with selenium,
0,DC2SCALE_GRENOBLE_ALP1,DC2SCALE GRENOBLE ALP1,,37 Rue Diderot,Grenoble,38000 Grenoble,Auvergne-Rhône-Alpes,France,FR,,,,,,,carte.dcmag.fr,,2024-09-06T15:41:08.591314+02:00,scraped from website with selenium,
0,DC2SCALE_VÉLIZY_LATÉCOÈRE_PAR3,DC2SCALE VÉLIZY LATÉCOÈRE PAR3,,16 Rue Grange Dame Rose,,78140 Vélizy-Villacoublay,Île-de-France,France,FR,,,,,,,carte.dcmag.fr,,2024-09-06T15:41:08.905883+02:00,scraped from website with selenium,
0,DC2SCALE_VÉLIZY_PAR2,DC2SCALE VÉLIZY PAR2,,16 Rue Grange Dame Rose,,78140 Vélizy-Villacoublay,Île-de-France,France,FR,,,,,,,carte.dcmag.fr,,2024-09-06T15:41:09.215059+02:00,scraped from website with selenium,
0,DCSTAR_-_DCB,DCSTAR - DCB,,Antwerpsesteenweg 221,Burcht,2070 Zwijndrecht,Anvers,Belgium,BE,,,,,,,carte.dcmag.fr,,2024-09-06T15:41:09.599689+02:00,scraped from website with selenium,
0,DCSTAR_-_DCG,DCSTAR - DCG,,Poortakkerstraat 35,Gand,9051 Gent,Flandre orientale,Belgium,BE,,,,,,,carte.dcmag.fr,,2024-09-06T15:41:09.983143+02:00,scraped from website with selenium,
0,DCSTAR_-_DCO,DCSTAR - DCO,,Brugsestraat 194,,8020 Oostkamp,Flandre-Occidentale,Belgium,BE,,,,,,,carte.dcmag.fr,,2024-09-06T15:41:10.338927+02:00,scraped from website with selenium,
0,DÉCIMA_-_ENTREPÔT_NUMÉRIQUE,DÉCIMA - ENTREPÔT NUMÉRIQUE,,2 rue François Hennebique,Saint-Laurent-Blangy,62223 Saint Laurent Blangy,Hauts-de-France,France,FR,,,,,,,carte.dcmag.fr,,2024-09-06T15:41:10.696099+02:00,scraped from website with selenium,
0,DÉCIMA_-_POUDRIÈRE_NUMÉRIQUE,DÉCIMA - POUDRIÈRE NUMÉRIQUE,,Arras,,62000,Hauts-de-France,France,FR,,,,,,,carte.dcmag.fr,,2024-09-06T15:41:11.043511+02:00,scraped from website with selenium,
0,DEFENSE_DATACENTER,DEFENSE DATACENTER,,3 Bld des Bouvets,Nanterre,92000 Nanterre,Île-de-France,France,FR,,,,,,,carte.dcmag.fr,,2024-09-06T15:41:11.401620+02:00,scraped from website with selenium,
0,DIGITAL_REALTY_-_BRU1,DIGITAL REALTY - BRU1,,Wezembeekstraat 2/bus 1,,1930 Zaventem,Brabant flamand,Belgium,BE,,,,,,,carte.dcmag.fr,,2024-09-06T15:41:11.724028+02:00,scraped from website with selenium,
0,DIGITAL_REALTY_-_BRU3,DIGITAL REALTY - BRU3,,Mercuriusstraat 27,Nossegem,1930 Zaventem,Brabant flamand,Belgium,BE,,,,,,,carte.dcmag.fr,,2024-09-06T15:41:12.077818+02:00,scraped from website with selenium,
0,DIGITAL_REALTY_-_BRU4,DIGITAL REALTY - BRU4,,Mercuriusstraat 27,Nossegem,1930 Zaventem,Brabant flamand,Belgium,BE,,,,,,,carte.dcmag.fr,,2024-09-06T15:41:12.491831+02:00,scraped from website with selenium,
0,DIGITAL_REALTY_-_MRS1,DIGITAL REALTY - MRS1,,40 Avenue Roger Salengro,Marseille,13003 Marseille,Provence-Alpes-Côte d'Azur,France,FR,,,,,,,carte.dcmag.fr,,2024-09-06T15:41:12.903130+02:00,scraped from website with selenium,
0,DIGITAL_REALTY_-_MRS2,DIGITAL REALTY - MRS2,,"Enceinte Portuaire, Porte 4",Marseille,13016 Marseille,Provence-Alpes-Côte d'Azur,France,FR,,,,,,,carte.dcmag.fr,,2024-09-06T15:41:13.796210+02:00,scraped from website with selenium,
0,DIGITAL_REALTY_-_MRS3,DIGITAL REALTY - MRS3,,"Enceinte Portuaire, Porte 4",Marseille,13016 Marseille,Provence-Alpes-Côte d'Azur,France,FR,,,,,,,carte.dcmag.fr,,2024-09-06T15:41:14.511262+02:00,scraped from website with selenium,
0,DIGITAL_REALTY_-_MRS4,DIGITAL REALTY - MRS4,,"Enceinte Portuaire, Porte 4",Marseille,13016 Marseille,Provence-Alpes-Côte d'Azur,France,FR,,,,,,,carte.dcmag.fr,,2024-09-06T15:41:15.215018+02:00,scraped from website with selenium,
0,DIGITAL_REALTY_-_PAR1,DIGITAL REALTY - PAR1,,45 avenue Victor Hugo,,93300 Aubervilliers,Île-de-France,France,FR,,,,,,,carte.dcmag.fr,,2024-09-06T15:41:15.871047+02:00,scraped from website with selenium,
0,DIGITAL_REALTY_-_PAR10,DIGITAL REALTY - PAR10,,2-20 Rue Marcel Cachin,,93120 La Courneuve,Île-de-France,France,FR,,,,,,,carte.dcmag.fr,,2024-09-06T15:41:16.265530+02:00,scraped from website with selenium,
0,DIGITAL_REALTY_-_PAR11,DIGITAL REALTY - PAR11,,2-20 Rue Marcel Cachin,,93120 La Courneuve,Île-de-France,France,FR,,,,,,,carte.dcmag.fr,,2024-09-06T15:41:16.696073+02:00,scraped from website with selenium,
0,DIGITAL_REALTY_-_PAR12,DIGITAL REALTY - PAR12,,16 Avenue Joseph Froelicher,,77164 Ferrières-en-Brie,Île-de-France,France,FR,,,,,,,carte.dcmag.fr,,2024-09-06T15:41:17.375598+02:00,scraped from website with selenium,
0,DIGITAL_REALTY_-_PAR13,DIGITAL REALTY - PAR13,,14 rue de l'Orme à Moineaux,,91940 Les Ulis,Île-de-France,France,FR,,,,,,,carte.dcmag.fr,,2024-09-06T15:41:17.766522+02:00,scraped from website with selenium,
0,DIGITAL_REALTY_-_PAR2,DIGITAL REALTY - PAR2,,20-22 rue des Gardinoux,Aubervilliers,93300 Aubervilliers,Île-de-France,France,FR,,,,,,,carte.dcmag.fr,,2024-09-06T15:41:18.446139+02:00,scraped from website with selenium,
0,DIGITAL_REALTY_-_PAR3,DIGITAL REALTY - PAR3,,7-9 avenue des Arts et Métiers,Saint-Denis,93200 Saint-Denis,Île-de-France,France,FR,,,,,,,carte.dcmag.fr,,2024-09-06T15:41:19.314286+02:00,scraped from website with selenium,
0,DIGITAL_REALTY_-_PAR4,DIGITAL REALTY - PAR4,,21 rue du Port,Nanterre,92000 Nanterre,Île-de-France,France,FR,,,,,,,carte.dcmag.fr,,2024-09-06T15:41:20.078942+02:00,scraped from website with selenium,
0,DIGITAL_REALTY_-_PAR5,DIGITAL REALTY - PAR5,,11-13 avenue des Arts et Métiers,Saint-Denis,93200 Saint-Denis,Île-de-France,France,FR,,,,,,,carte.dcmag.fr,,2024-09-06T15:41:21.006217+02:00,scraped from website with selenium,
0,DIGITAL_REALTY_-_PAR6,DIGITAL REALTY - PAR6,,11-15 rue Galilée,Ivry-sur-Seine,92400 Ivry-sur-Seine,Île-de-France,France,FR,,,,,,,carte.dcmag.fr,,2024-09-06T15:41:21.947844+02:00,scraped from website with selenium,
0,DIGITAL_REALTY_-_PAR7,DIGITAL REALTY - PAR7,,1-3 rue Râteau,La Courneuve,93120 La Courneuve,Île-de-France,France,FR,,,,,,,carte.dcmag.fr,,2024-09-06T15:41:22.522088+02:00,scraped from website with selenium,
0,DIGITAL_REALTY_-_PAR8,DIGITAL REALTY - PAR8,,2-20 Rue Marcel Cachin,La Courneuve,93120 La Courneuve,Île-de-France,France,FR,,,,,,,carte.dcmag.fr,,2024-09-06T15:41:23.326953+02:00,scraped from website with selenium,
0,DIGITAL_REALTY_-_PAR9,DIGITAL REALTY - PAR9,,2-20 Rue Marcel Cachin,,93120 La Courneuve,Île-de-France,France,FR,,,,,,,carte.dcmag.fr,,2024-09-06T15:41:24.095198+02:00,scraped from website with selenium,
0,DIGITAL_REALTY_-_ZUR1,DIGITAL REALTY - ZUR1,,Sägereistrasse 35,,8152 Opfikon,Zurich,Switzerland,CH,,,,,,,carte.dcmag.fr,,2024-09-06T15:41:24.880415+02:00,scraped from website with selenium,
0,DIGITAL_REALTY_-_ZUR2,DIGITAL REALTY - ZUR2,,Bäulerwiesenstrasse 4,Rümlang,8152 Rümlang,Zurich,Switzerland,CH,,,,,,,carte.dcmag.fr,,2024-09-06T15:41:25.988184+02:00,scraped from website with selenium,
0,DIGITAL_REALTY_-_ZUR3,DIGITAL REALTY - ZUR3,,Sägereistrasse 35,,8152 Opfikon,Zurich,Switzerland,CH,,,,,,,carte.dcmag.fr,,2024-09-06T15:41:26.915260+02:00,scraped from website with selenium,
0,DTIX_DATACENTER_-_CHALON-SUR-SAÔNE,DTIX DATACENTER - CHALON-SUR-SAÔNE,,Avenue Georges Pompidou,,71100 Chalon-sur-Saône,Bourgogne-Franche-Comté,France,FR,,,,,,,carte.dcmag.fr,,2024-09-06T15:41:27.443538+02:00,scraped from website with selenium,
0,DTIX_DATACENTER_-_DIJON,DTIX DATACENTER - DIJON,,Rue des Godrans 48,Dijon,21000 Dijon,Bourgogne-Franche-Comté,France,FR,,,,,,,carte.dcmag.fr,,2024-09-06T15:41:27.927655+02:00,scraped from website with selenium,
0,EBRC_-_EUROPEAN_RELIANCE_CENTRE_EAST,EBRC - EUROPEAN RELIANCE CENTRE EAST,,Parc Audiovisuel et des Télécommunications,Olingen,6832 Betzdorf,,Luxemburg,LU,,,,,,,carte.dcmag.fr,,2024-09-06T15:41:28.285436+02:00,scraped from website with selenium,
0,EBRC_-_RESILIENCE_CENTRE_SOUTH,EBRC - RESILIENCE CENTRE SOUTH,,210 Rue de Noertzange,Kayl,3670 Kayl,,Luxemburg,LU,,,,,,,carte.dcmag.fr,,2024-09-06T15:41:28.614017+02:00,scraped from website with selenium,
0,EBRC_-_RESILIENCE_CENTRE_WEST,EBRC - RESILIENCE CENTRE WEST,,3 Rue Pierre Flammang,Wandhaff,8399 Koerich,,Luxemburg,LU,,,,,,,carte.dcmag.fr,,2024-09-06T15:41:28.950252+02:00,scraped from website with selenium,
0,ECLAIRION,ECLAIRION,,Bruyères-le-Châtel,Bruyères-le-Châtel,91680,Île-de-France,France,FR,,,,,,,carte.dcmag.fr,,2024-09-06T15:41:29.269748+02:00,scraped from website with selenium,
0,EKT_DATACENTER,EKT DATACENTER,,Galgenholzstrasse 23,,8500 Frauenfeld,Thurgovie,Switzerland,CH,,,,,,,carte.dcmag.fr,,2024-09-06T15:41:29.686735+02:00,scraped from website with selenium,
0,EOLAS_-_LYON,EOLAS - LYON,,13 Quai du Dr Gailleton,Lyon,69002 Lyon,Auvergne-Rhône-Alpes,France,FR,,,,,,,carte.dcmag.fr,,2024-09-06T15:41:30.006987+02:00,scraped from website with selenium,
0,EOLAS_-_MANGIN_1,EOLAS - MANGIN 1,,73 rue Général Mangin,Grenoble,38100 Grenoble,Auvergne-Rhône-Alpes,France,FR,,,,,,,carte.dcmag.fr,,2024-09-06T15:41:30.702614+02:00,scraped from website with selenium,
0,EOLAS_-_MANGIN_2,EOLAS - MANGIN 2,,73 rue Général Mangin,Grenoble,38100 Grenoble,Auvergne-Rhône-Alpes,France,FR,,,,,,,carte.dcmag.fr,,2024-09-06T15:41:31.365049+02:00,scraped from website with selenium,
0,EQUINIX_-_BX1,EQUINIX - BX1,,39 Rue de Strasbourg,,33520 Bruges,Nouvelle-Aquitaine,France,FR,,,,,,,carte.dcmag.fr,,2024-09-06T15:41:31.979309+02:00,scraped from website with selenium,
0,EQUINIX_-_GV1,EQUINIX - GV1,,Rue de la Confédération 6,Genève,1204 Genève,Genève,Switzerland,CH,,,,,,,carte.dcmag.fr,,2024-09-06T15:41:32.414888+02:00,scraped from website with selenium,
0,EQUINIX_-_GV2,EQUINIX - GV2,,Rte du Bois-des-Frères 48,,1219 Vernier,Genève,Switzerland,CH,,,,,,,carte.dcmag.fr,,2024-09-06T15:41:32.821482+02:00,scraped from website with selenium,
0,EQUINIX_-_PA1,EQUINIX - PA1,,167 Rue de la Belle Etoile,Roissy-en-France,95700 Roissy-en-France,Île-de-France,France,FR,,,,,,,carte.dcmag.fr,,2024-09-06T15:41:33.177719+02:00,scraped from website with selenium,
0,EQUINIX_-_PA10,EQUINIX - PA10,,114 Rue Ambroise Croizat,,93200 Saint Denis,,,,,,,,,,carte.dcmag.fr,,2024-09-06T15:41:33.501153+02:00,scraped from website with selenium,
0,EQUINIX_-_PA13,EQUINIX - PA13,,9 Avenue du Maréchal Juin,,92360 Meudon,,,,,,,,,,carte.dcmag.fr,,2024-09-06T15:41:33.805837+02:00,scraped from website with selenium,
0,EQUINIX_-_PA2,EQUINIX - PA2,,114 Rue Ambroise Croizat,Saint-Denis,93200 Saint-Denis,Île-de-France,France,FR,,,,,,,carte.dcmag.fr,,2024-09-06T15:41:34.122208+02:00,scraped from website with selenium,
0,EQUINIX_-_PA3,EQUINIX - PA3,,114 Rue Ambroise Croizat,Saint-Denis,93200 Saint-Denis,Île-de-France,France,FR,,,,,,,carte.dcmag.fr,,2024-09-06T15:41:34.472401+02:00,scraped from website with selenium,
0,EQUINIX_-_PA4,EQUINIX - PA4,,110 Bis avenue du Général Leclerc,Pantin,93500 Pantin,Île-de-France,France,FR,,,,,,,carte.dcmag.fr,,2024-09-06T15:41:34.831345+02:00,scraped from website with selenium,
0,EQUINIX_-_PA5,EQUINIX - PA5,,45 avenue Victor Hugo Bat 254,Aubervilliers,93300 Aubervilliers,Île-de-France,France,FR,,,,,,,carte.dcmag.fr,,2024-09-06T15:41:35.183830+02:00,scraped from website with selenium,
0,EQUINIX_-_PA6,EQUINIX - PA6,,10 rue Waldeck Rochet Bat 520,Aubervilliers,93300 Aubervilliers,Île-de-France,France,FR,,,,,,,carte.dcmag.fr,,2024-09-06T15:41:35.504323+02:00,scraped from website with selenium,
0,EQUINIX_-_PA7,EQUINIX - PA7,,130-136 boulevard de Verdun Bat 9,Courbevoie,92400 Courbevoie,Île-de-France,France,FR,,,,,,,carte.dcmag.fr,,2024-09-06T15:41:35.834140+02:00,scraped from website with selenium,
0,EQUINIX_-_PA9X,EQUINIX - PA9X,,114 Rue Ambroise Croizat,Saint-Denis,93200 Saint Denis,Île-de-France,France,FR,,,,,,,carte.dcmag.fr,,2024-09-06T15:41:36.212066+02:00,scraped from website with selenium,
0,EQUINIX_-_ZH2,EQUINIX - ZH2,,Josefstrasse 225,Zurich,8005 Zürich,Zurich,Switzerland,CH,,,,,,,carte.dcmag.fr,,2024-09-06T15:41:36.571571+02:00,scraped from website with selenium,
0,EQUINIX_-_ZH4,EQUINIX - ZH4,,Josefstrasse 225,Zurich,8005 Zürich,Zurich,Switzerland,CH,,,,,,,carte.dcmag.fr,,2024-09-06T15:41:36.884898+02:00,scraped from website with selenium,
0,EQUINIX_-_ZH5,EQUINIX - ZH5,,Allmendstrasse 13,Oberengstringen,8102 Oberengstringen,Zurich,Switzerland,CH,,,,,,,carte.dcmag.fr,,2024-09-06T15:41:37.201060+02:00,scraped from website with selenium,
0,EQUINIX_–_PA8X,EQUINIX – PA8X,,110 Bis avenue du General Leclerc,Pantin,93500 Pantin,Île-de-France,France,FR,,,,,,,carte.dcmag.fr,,2024-09-06T15:41:37.573284+02:00,scraped from website with selenium,
0,ETIX_EVERYWHERE_-_BELGIUMDC_#1,ETIX EVERYWHERE - BELGIUMDC #1,,Rue de la Science 3,Villers-le-Bouillet,4530 Villers-le-Bouillet,Liège,Belgium,BE,,,,,,,carte.dcmag.fr,,2024-09-06T15:41:38.424112+02:00,scraped from website with selenium,
0,ETIX_EVERYWHERE_-_LILLE_#1,ETIX EVERYWHERE - LILLE #1,,75 Boulevard d'Armentières,Roubaix,59100 Roubaix,Hauts-de-France,France,FR,,,,,,,carte.dcmag.fr,,2024-09-06T15:41:39.152084+02:00,scraped from website with selenium,
0,ETIX_EVERYWHERE_-_LILLE_#2,ETIX EVERYWHERE - LILLE #2,,1681 Rue des Saules,Sainghin-en-Mélantois,59262 Sainghin-en-Mélantois,Hauts-de-France,France,FR,,,,,,,carte.dcmag.fr,,2024-09-06T15:41:39.806336+02:00,scraped from website with selenium,
0,ETIX_EVERYWHERE_-_LILLE_#3,ETIX EVERYWHERE - LILLE #3,,486 Av. Augusta Ada-King,,59410 Anzin,Hauts-de-France,France,FR,,,,,,,carte.dcmag.fr,,2024-09-06T15:41:40.467780+02:00,scraped from website with selenium,
0,ETIX_EVERYWHERE_-_MPL1,ETIX EVERYWHERE - MPL1,,143 Rue Emile Julien,Montpellier,34070 Montpellier,Occitanie,France,FR,,,,,,,carte.dcmag.fr,,2024-09-06T15:41:40.852492+02:00,scraped from website with selenium,
0,ETIX_EVERYWHERE_-_NANTES_#1,ETIX EVERYWHERE - NANTES #1,,2 Impasse Joséphine Baker,Saint-Herblain,44800 Saint-Herblain,Pays de la Loire,France,FR,,,,,,,carte.dcmag.fr,,2024-09-06T15:41:41.510983+02:00,scraped from website with selenium,
0,ETIX_EVERYWHERE_-_NANTES_#2,ETIX EVERYWHERE - NANTES #2,,14 Rue Véga,Carquefou,44470 Carquefou,Pays de la Loire,France,FR,,,,,,,carte.dcmag.fr,,2024-09-06T15:41:42.342344+02:00,scraped from website with selenium,
0,ETIX_EVERYWHERE_-_NANTES_#3,ETIX EVERYWHERE - NANTES #3,,1 rue des Forgerons,,44220 Couëron,Pays de la Loire,France,FR,,,,,,,carte.dcmag.fr,,2024-09-06T15:41:42.933442+02:00,scraped from website with selenium,
0,ETIX_EVERYWHERE_-_PAR1,ETIX EVERYWHERE - PAR1,,19-21 Rue Poissoneiere,Paris,75002 Paris,Île-de-France,France,FR,,,,,,,carte.dcmag.fr,,2024-09-06T15:41:43.280598+02:00,scraped from website with selenium,
0,ETIX_EVERYWHERE_-_PAR3,ETIX EVERYWHERE - PAR3,,16 Avenue de l'Europe,,78140 Velizy,Île-de-France,France,FR,,,,,,,carte.dcmag.fr,,2024-09-06T15:41:43.571605+02:00,scraped from website with selenium,
0,ETIX_EVERYWHERE_-_TLS1,ETIX EVERYWHERE - TLS1,,10 Rue des Freres Peugeot,,31130 Balma,Occitanie,France,FR,,,,,,,carte.dcmag.fr,,2024-09-06T15:41:43.862514+02:00,scraped from website with selenium,
0,ETIX_EVERYWHERE_-_VENDÉE_#1,ETIX EVERYWHERE - VENDÉE #1,,4 Imp. Philippe Gozola,,85000 La Roche-sur-Yon,Pays de la Loire,France,FR,,,,,,,carte.dcmag.fr,,2024-09-06T15:41:44.495312+02:00,scraped from website with selenium,
0,EUCLYDE_-_DC-LUX,EUCLYDE - DC-LUX,,4 A. Graham Bell,,3235 Bettembourg,,Luxemburg,LU,,,,,,,carte.dcmag.fr,,2024-09-06T15:41:44.811418+02:00,scraped from website with selenium,
0,EUCLYDE_-_DC1,EUCLYDE - DC1,,"49, rue Emile Hugues",Antibes,06600 Antibes,Provence-Alpes-Côte d'Azur,France,FR,,,,,,,carte.dcmag.fr,,2024-09-06T15:41:45.201706+02:00,scraped from website with selenium,
0,EUCLYDE_-_DC2,EUCLYDE - DC2,,"2, rue Albert Einstein",Besançon,25000 Besançon,Bourgogne-Franche-Comté,France,FR,,,,,,,carte.dcmag.fr,,2024-09-06T15:41:45.612033+02:00,scraped from website with selenium,
0,EUCLYDE_-_DC3,EUCLYDE - DC3,,"930, route des Dolines",Valbonne,06560 Valbonne Sophia Antipoli,Provence-Alpes-Côte d'Azur,France,FR,,,,,,,carte.dcmag.fr,,2024-09-06T15:41:46.056220+02:00,scraped from website with selenium,
0,EUCLYDE_-_DC5,EUCLYDE - DC5,,45-47 rue Francis de Pressensé,Villeurbanne,69100 Villeurbanne,Auvergne-Rhône-Alpes,France,FR,,,,,,,carte.dcmag.fr,,2024-09-06T15:41:46.470715+02:00,scraped from website with selenium,
0,EUCLYDE_-_DC6,EUCLYDE - DC6,,3-5 mail Barthélémy Thimonnier,Lognes,77185 Lognes,Île-de-France,France,FR,,,,,,,carte.dcmag.fr,,2024-09-06T15:41:46.858840+02:00,scraped from website with selenium,
0,EUCLYDE_-_DC7,EUCLYDE - DC7,,Rue du Parc 5,Strasbourg,67000 Strasbourg,Grand Est,France,FR,,,,,,,carte.dcmag.fr,,2024-09-06T15:41:47.195589+02:00,scraped from website with selenium,
0,EURA_DC_-_DOUAI,EURA DC - DOUAI,,Douai,Douai,59500,Hauts-de-France,France,FR,,,,,,,carte.dcmag.fr,,2024-09-06T15:41:47.564859+02:00,scraped from website with selenium,
0,EUROPEAN_DATA_HUB_-_DDC1,EUROPEAN DATA HUB - DDC1,,12D Imp. Drosbach,Luxembourg,1882 Luxembourg,,Luxemburg,LU,,,,,,,carte.dcmag.fr,,2024-09-06T15:41:48.199880+02:00,scraped from website with selenium,
0,EVOK_-_DC01,EVOK - DC01,,Rte des Arsenaux 9,,1700 Fribourg,Fribourg,Switzerland,CH,,,,,,,carte.dcmag.fr,,2024-09-06T15:41:48.592166+02:00,scraped from website with selenium,
0,EVOK_-_DC02,EVOK - DC02,,Rte des Arsenaux 9,,1700 Fribourg,Fribourg,Switzerland,CH,,,,,,,carte.dcmag.fr,,2024-09-06T15:41:49.027283+02:00,scraped from website with selenium,
0,EVOK_-_DC03,EVOK - DC03,,Av. des Baumettes 7,,1020 Renens,Vaud,Switzerland,CH,,,,,,,carte.dcmag.fr,,2024-09-06T15:41:49.373421+02:00,scraped from website with selenium,
0,EXA_INFRASTRUCTURE_-_AUBERVILLIERS,EXA INFRASTRUCTURE - AUBERVILLIERS,,34 rue des Gardinoux,,93300 Aubervilliers,Île-de-France,France,FR,,,,,,,carte.dcmag.fr,,2024-09-06T15:41:49.682194+02:00,scraped from website with selenium,
0,EXA_INFRASTRUCTURE_-_GENEVE,EXA INFRASTRUCTURE - GENEVE,,Chem. de l'Epinglier 2,,1217 Meyrin,Genève,Switzerland,CH,,,,,,,carte.dcmag.fr,,2024-09-06T15:41:49.991887+02:00,scraped from website with selenium,
0,EXA_INFRASTRUCTURE_-_MERELBEKE,EXA INFRASTRUCTURE - MERELBEKE,,Industriepark 2,Lemberge,9820 Merelbeke,Flandre orientale,Belgium,BE,,,,,,,carte.dcmag.fr,,2024-09-06T15:41:50.344233+02:00,scraped from website with selenium,
0,EXA_INFRASTRUCTURE_-_ZÜRICH,EXA INFRASTRUCTURE - ZÜRICH,,Josefstrasse 225,Zurich,8005 Zürich,Zurich,Switzerland,CH,,,,,,,carte.dcmag.fr,,2024-09-06T15:41:50.675850+02:00,scraped from website with selenium,
0,EXTENDO_DATACENTER,EXTENDO DATACENTER,,31 Rue Becquerel,Belfort,90000 Belfort,Bourgogne-Franche-Comté,France,FR,,,,,,,carte.dcmag.fr,,2024-09-06T15:41:50.996369+02:00,scraped from website with selenium,
0,FIDUCIAL_CLOUD_-_AIX_EN_PROVENCE,FIDUCIAL CLOUD - AIX EN PROVENCE,,30 Rue Paul Langevin,Aix-en-Provence,13290 Aix en Provence,Provence-Alpes-Côte d'Azur,France,FR,,,,,,,carte.dcmag.fr,,2024-09-06T15:41:51.321466+02:00,scraped from website with selenium,
0,FIDUCIAL_CLOUD_-_LYON,FIDUCIAL CLOUD - LYON,,19 rue Cottin,Lyon,69009 Lyon,Auvergne-Rhône-Alpes,France,FR,,,,,,,carte.dcmag.fr,,2024-09-06T15:41:51.640919+02:00,scraped from website with selenium,
0,FIDUCIAL_CLOUD_-_VELIZY,FIDUCIAL CLOUD - VELIZY,,45 Avenue de l'Europe,Vélizy-Villacoublay,78140 Velizy,Île-de-France,France,FR,,,,,,,carte.dcmag.fr,,2024-09-06T15:41:51.966091+02:00,scraped from website with selenium,
0,FIRSTHEBERG,FIRSTHEBERG,,70 Rue Jean Jaurès,,59770 Marly,Hauts-de-France,France,FR,,,,,,,carte.dcmag.fr,,2024-09-06T15:41:52.291096+02:00,scraped from website with selenium,
0,FMI,FMI,,4 Rue de Lombardie,,69800 Saint-Priest,Auvergne-Rhône-Alpes,France,FR,,,,,,,carte.dcmag.fr,,2024-09-06T15:41:52.666982+02:00,scraped from website with selenium,
0,FOLIATEAM_-_PARIS,FOLIATEAM - PARIS,,5-9 Rue Mousset-Robert,Paris,75012 Paris,Île-de-France,France,FR,,,,,,,carte.dcmag.fr,,2024-09-06T15:41:52.984679+02:00,scraped from website with selenium,
0,FREE_PRO_-_LYON,FREE PRO - LYON,,1 Rue des Vergers,Limonest,69760 Limonest,Auvergne-Rhône-Alpes,France,FR,,,,,,,carte.dcmag.fr,,2024-09-06T15:41:53.423106+02:00,scraped from website with selenium,
0,FREE_PRO_-_MRS01,FREE PRO - MRS01,,70 Chem. du Passet,Marseille,13016 Marseille,Provence-Alpes-Côte d'Azur,France,FR,,,,,,,carte.dcmag.fr,,2024-09-06T15:41:53.815957+02:00,scraped from website with selenium,
0,FREE_PRO_-_ROCK,FREE PRO - ROCK,,60 Av. Rockefeller,Lyon,69008 Lyon,Auvergne-Rhône-Alpes,France,FR,,,,,,,carte.dcmag.fr,,2024-09-06T15:41:54.197692+02:00,scraped from website with selenium,
0,FULLSAVE_-_TLS00,FULLSAVE - TLS00,,8 Avenue Léon Jouhaux,Toulouse,31000 Toulouse,Occitanie,France,FR,,,,,,,carte.dcmag.fr,,2024-09-06T15:41:55.103335+02:00,scraped from website with selenium,
0,GLOBAL_SP_-_PARIS,GLOBAL SP - PARIS,,78 Rue la Condamine,Paris,75017 Paris,Île-de-France,France,FR,,,,,,,carte.dcmag.fr,,2024-09-06T15:41:55.587463+02:00,scraped from website with selenium,
0,GLOBAL_SWITCH_-_PARIS_EST,GLOBAL SWITCH - PARIS EST,,7-9 rue Petit,,92582 Clichy,Île-de-France,France,FR,,,,,,,carte.dcmag.fr,,2024-09-06T15:41:56.149850+02:00,scraped from website with selenium,
0,GLOBAL_SWITCH_-_PARIS_OUEST,GLOBAL SWITCH - PARIS OUEST,,7-9 Rue Petit,,92582 Clichy,Île-de-France,France,FR,,,,,,,carte.dcmag.fr,,2024-09-06T15:41:56.575956+02:00,scraped from website with selenium,
0,GOOGLE_-_MONS,GOOGLE - MONS,,Rue de Ghlin,,7331 Mons,Hainaut,Belgium,BE,,,,,,,carte.dcmag.fr,,2024-09-06T15:41:56.953332+02:00,scraped from website with selenium,
0,GREEN_COMPUTING_-_FR1,GREEN COMPUTING - FR1,,55 Av. des Champs Pierreux,,92000 Nanterre,Île-de-France,France,FR,,,,,,,carte.dcmag.fr,,2024-09-06T15:41:57.362209+02:00,scraped from website with selenium,
0,GREEN_DATACENTER_-_ZURICH_CITY,GREEN DATACENTER - ZURICH CITY,,Unterrohrstrasse 4,,8952 Schlieren,Zurich,Switzerland,CH,,,,,,,carte.dcmag.fr,,2024-09-06T15:41:57.854258+02:00,scraped from website with selenium,
0,GREEN_DATACENTER_-_ZURICH_METRO,GREEN DATACENTER - ZURICH METRO,,Zurich,Zurich,8000,Zurich,Switzerland,CH,,,,,,,carte.dcmag.fr,,2024-09-06T15:41:58.720202+02:00,scraped from website with selenium,
0,GREEN_DATACENTER_-_ZURICH_NORTH,GREEN DATACENTER - ZURICH NORTH,,Cherstrasse 4,,8152 Opfikon,Zurich,Switzerland,CH,,,,,,,carte.dcmag.fr,,2024-09-06T15:41:59.411444+02:00,scraped from website with selenium,
0,GREEN_DATACENTER_-_ZURICH_WEST,GREEN DATACENTER - ZURICH WEST,,Industriestrasse 33,Lupfig,5242 Lupfig,Argovie,Switzerland,CH,,,,,,,carte.dcmag.fr,,2024-09-06T15:41:59.957437+02:00,scraped from website with selenium,
0,GROUPE_ASTEN_-_BREST,GROUPE ASTEN - BREST,,Brest,Brest,29200,Bretagne,France,FR,,,,,,,carte.dcmag.fr,,2024-09-06T15:42:00.317184+02:00,scraped from website with selenium,
0,GROUPE_ASTEN_-_RENNES,GROUPE ASTEN - RENNES,,Rennes,Rennes,35000,Bretagne,France,FR,,,,,,,carte.dcmag.fr,,2024-09-06T15:42:00.682905+02:00,scraped from website with selenium,
0,HDC34_-_SAINT-AUNÈS,HDC34 - SAINT-AUNÈS,,125 rue de la Sarriette,Saint-Aunès,34130 Saint-Aunès,Occitanie,France,FR,,,,,,,carte.dcmag.fr,,2024-09-06T15:42:01.020752+02:00,scraped from website with selenium,
0,HELVETICDATA_-_CLA1,HELVETICDATA - CLA1,,Av. du Châtelard 21,Clarens,1815 Clarens,Vaud,Switzerland,CH,,,,,,,carte.dcmag.fr,,2024-09-06T15:42:01.407145+02:00,scraped from website with selenium,
0,HEXANET_-_REIMS,HEXANET - REIMS,,"Les Dauphinelles, 3 Allée Albert Caquot",Reims,51100 Reims,Grand Est,France,FR,,,,,,,carte.dcmag.fr,,2024-09-06T15:42:01.796869+02:00,scraped from website with selenium,
0,HEXATOM_-_CROISSY-BEAUBOURG,HEXATOM - CROISSY-BEAUBOURG,,Croissy-Beaubourg,Croissy-Beaubourg,77183,Île-de-France,France,FR,,,,,,,carte.dcmag.fr,,2024-09-06T15:42:02.131003+02:00,scraped from website with selenium,
0,HEXATOM_-_SOPHIA_ANTIPOLIS,HEXATOM - SOPHIA ANTIPOLIS,,950 route des colles,Biot,06410 sophia-antipolis,Provence-Alpes-Côte d'Azur,France,FR,,,,,,,carte.dcmag.fr,,2024-09-06T15:42:02.580483+02:00,scraped from website with selenium,
0,HIGH_DC,HIGH DC,,All. des Défricheurs 4,,2300 La Chaux-de-Fonds,Neuchâtel,Switzerland,CH,,,,,,,carte.dcmag.fr,,2024-09-06T15:42:02.919820+02:00,scraped from website with selenium,
0,HOSTELYON,HOSTELYON,,81 Boulevard du Parc d'Artillerie,Lyon,69007 Lyon,Auvergne-Rhône-Alpes,France,FR,,,,,,,carte.dcmag.fr,,2024-09-06T15:42:03.266108+02:00,scraped from website with selenium,
0,ICODIA,ICODIA,,22 Rue de l'Erbonière,,35510 Cesson-Sévigné,Bretagne,France,FR,,,,,,,carte.dcmag.fr,,2024-09-06T15:42:03.686226+02:00,scraped from website with selenium,
0,IKOULA_-_IKDC01,IKOULA - IKDC01,,34 Rue du Pont Assy,Reims,51100 Reims,Grand Est,France,FR,,,,,,,carte.dcmag.fr,,2024-09-06T15:42:04.063981+02:00,scraped from website with selenium,
0,IKOULA_-_IKDC02,IKOULA - IKDC02,,Eppes,Eppes,02840,Hauts-de-France,France,FR,,,,,,,carte.dcmag.fr,,2024-09-06T15:42:04.427176+02:00,scraped from website with selenium,
0,IMA'DIFF,IMA'DIFF,,"3, Cité Paradis",Paris,75010 Paris,Île-de-France,France,FR,,,,,,,carte.dcmag.fr,,2024-09-06T15:42:04.850423+02:00,scraped from website with selenium,
0,INFOMANIAK_-_DII,INFOMANIAK - DII,,Rue Eugène-Marziano 25,Genève,1227 Les Acacias,Genève,Switzerland,CH,,,,,,,carte.dcmag.fr,,2024-09-06T15:42:05.310175+02:00,scraped from website with selenium,
0,INFOMANIAK_-_DIII,INFOMANIAK - DIII,,Rue Eugène-Marziano 25,Genève,1227 Les Acacias,Genève,Switzerland,CH,,,,,,,carte.dcmag.fr,,2024-09-06T15:42:05.751097+02:00,scraped from website with selenium,
0,INFORSUD_TECHNOLOGIES_-_ALBI,INFORSUD TECHNOLOGIES - ALBI,,Impasse des Crins,Le Sequestre,81990 Le Sequestre,Occitanie,France,FR,,,,,,,carte.dcmag.fr,,2024-09-06T15:42:06.121198+02:00,scraped from website with selenium,
0,INFORSUD_TECHNOLOGIES_-_RODEZ,INFORSUD TECHNOLOGIES - RODEZ,,Causse Comtal,Bozouls,12340 Bozouls,Occitanie,France,FR,,,,,,,carte.dcmag.fr,,2024-09-06T15:42:06.660582+02:00,scraped from website with selenium,
0,INFORSUD_TECHNOLOGIES_-_TOULOUSE,INFORSUD TECHNOLOGIES - TOULOUSE,,"2, rue Maryse Hilsz",Toulouse,31500 Toulouse,Occitanie,France,FR,,,,,,,carte.dcmag.fr,,2024-09-06T15:42:07.023220+02:00,scraped from website with selenium,
0,IWB,IWB,,Margarethenstrasse 40,Bâle,4002 Basel,Bâle-Ville,Switzerland,CH,,,,,,,carte.dcmag.fr,,2024-09-06T15:42:07.539031+02:00,scraped from website with selenium,
0,KOESIO_DATACENTER,KOESIO DATACENTER,,53 avenue des Langories,Valence,26000 Valence,Auvergne-Rhône-Alpes,France,FR,,,,,,,carte.dcmag.fr,,2024-09-06T15:42:07.918937+02:00,scraped from website with selenium,
0,KYNDRYL_-_FRCLFMI1,KYNDRYL - FRCLFMI1,,Clermont-Ferrand,Clermont-Ferrand,63100,Auvergne-Rhône-Alpes,France,FR,,,,,,,carte.dcmag.fr,,2024-09-06T15:42:08.432082+02:00,scraped from website with selenium,
0,KYNDRYL_-_FRCLFMI2,KYNDRYL - FRCLFMI2,,Gerzat,,63360,Auvergne-Rhône-Alpes,France,FR,,,,,,,carte.dcmag.fr,,2024-09-06T15:42:08.806060+02:00,scraped from website with selenium,
0,KYNDRYL_-_FRCLICHY,KYNDRYL - FRCLICHY,,Clichy,,92110,Île-de-France,France,FR,,,,,,,carte.dcmag.fr,,2024-09-06T15:42:09.188282+02:00,scraped from website with selenium,
0,KYNDRYL_-_FRCOLLE2,KYNDRYL - FRCOLLE2,,Collégien,Collégien,77090,Île-de-France,France,FR,,,,,,,carte.dcmag.fr,,2024-09-06T15:42:09.542300+02:00,scraped from website with selenium,
0,KYNDRYL_-_FRCOLLEG,KYNDRYL - FRCOLLEG,,Collégien,Collégien,77090,Île-de-France,France,FR,,,,,,,carte.dcmag.fr,,2024-09-06T15:42:09.931498+02:00,scraped from website with selenium,
0,KYNDRYL_-_FRGRABEL,KYNDRYL - FRGRABEL,,Grabels,Grabels,34790,Occitanie,France,FR,,,,,,,carte.dcmag.fr,,2024-09-06T15:42:10.289671+02:00,scraped from website with selenium,
0,KYNDRYL_-_FRLEVAL2,KYNDRYL - FRLEVAL2,,Levallois-Perret,,92300,Île-de-France,France,FR,,,,,,,carte.dcmag.fr,,2024-09-06T15:42:10.624489+02:00,scraped from website with selenium,
0,KYNDRYL_-_FRMARCOU,KYNDRYL - FRMARCOU,,Marcoussis,Marcoussis,91460,Île-de-France,France,FR,,,,,,,carte.dcmag.fr,,2024-09-06T15:42:10.978443+02:00,scraped from website with selenium,
0,KYNDRYL_-_FRMARCQ1,KYNDRYL - FRMARCQ1,,Marcq-En-Baroeul,,59700,Hauts-de-France,France,FR,,,,,,,carte.dcmag.fr,,2024-09-06T15:42:11.318663+02:00,scraped from website with selenium,
0,KYNDRYL_-_FRSAINTD,KYNDRYL - FRSAINTD,,Saint-Denis,Saint-Denis,93210,Île-de-France,France,FR,,,,,,,carte.dcmag.fr,,2024-09-06T15:42:11.730943+02:00,scraped from website with selenium,
0,KYNDRYL_-_FRSECLIN,KYNDRYL - FRSECLIN,,Seclin,,59113,Hauts-de-France,France,FR,,,,,,,carte.dcmag.fr,,2024-09-06T15:42:12.099083+02:00,scraped from website with selenium,
0,KYNDRYL_-_FRVENISS,KYNDRYL - FRVENISS,,69200 Vénissieux,,69200 Vénissieux,Auvergne-Rhône-Alpes,France,FR,,,,,,,carte.dcmag.fr,,2024-09-06T15:42:12.745154+02:00,scraped from website with selenium,
0,KYNDRYL_-_MOPMAIN,KYNDRYL - MOPMAIN,,Montpellier,Montpellier,34000,Occitanie,France,FR,,,,,,,carte.dcmag.fr,,2024-09-06T15:42:13.118443+02:00,scraped from website with selenium,
0,LA_CITADELLE_DATACENTER_1,LA CITADELLE DATACENTER 1,,Clermont-Ferrand,Clermont-Ferrand,63000,Auvergne-Rhône-Alpes,France,FR,,,,,,,carte.dcmag.fr,,2024-09-06T15:42:13.479053+02:00,scraped from website with selenium,
0,LA_CITADELLE_DATACENTER_2,LA CITADELLE DATACENTER 2,,Clermont-Ferrand,Clermont-Ferrand,63000,Auvergne-Rhône-Alpes,France,FR,,,,,,,carte.dcmag.fr,,2024-09-06T15:42:13.856888+02:00,scraped from website with selenium,
0,LCL_-_ANTWERP,LCL - ANTWERP,,Noorderlaan 133,Anvers,2030 Antwerpen,Anvers,Belgium,BE,,,,,,,carte.dcmag.fr,,2024-09-06T15:42:14.221582+02:00,scraped from website with selenium,
0,LCL_-_BRUSSELS-NORTH,LCL - BRUSSELS-NORTH,,Kouterveldstraat 13,Diegem,1831 Machelen,Brabant flamand,Belgium,BE,,,,,,,carte.dcmag.fr,,2024-09-06T15:42:14.646137+02:00,scraped from website with selenium,
0,LCL_-_BRUSSELS-WEST_1,LCL - BRUSSELS-WEST 1,,Industrielaan 3,Erembodegem,9320 Aalst,Flandre orientale,Belgium,BE,,,,,,,carte.dcmag.fr,,2024-09-06T15:42:15.504966+02:00,scraped from website with selenium,
0,LCL_-_BRUSSELS-WEST_2,LCL - BRUSSELS-WEST 2,,Industrielaan 3,Erembodegem,9320 Aalst,Flandre orientale,Belgium,BE,,,,,,,carte.dcmag.fr,,2024-09-06T15:42:16.130189+02:00,scraped from website with selenium,
0,LCL_-_WALLONIA_ONE,LCL - WALLONIA ONE,,Rue Guillaume Fouquet 17,Isnes,5032 Gembloux,Namur,Belgium,BE,,,,,,,carte.dcmag.fr,,2024-09-06T15:42:16.530204+02:00,scraped from website with selenium,
0,LINKT,LINKT,,48 Bd de la Romanerie,,49124 Saint-Barthélemy-d'Anjou,Pays de la Loire,France,FR,,,,,,,carte.dcmag.fr,,2024-09-06T15:42:16.852832+02:00,scraped from website with selenium,
0,LUMEN_-_EVERE,LUMEN - EVERE,,Av. Léon Grosjean 2,,1140 Evere,,Belgium,BE,,,,,,,carte.dcmag.fr,,2024-09-06T15:42:17.271334+02:00,scraped from website with selenium,
0,LUMEN_-_NANTERRE,LUMEN - NANTERRE,,55 Avenue des Champs Pierreux,,92012 Nanterre,Île-de-France,France,FR,,,,,,,carte.dcmag.fr,,2024-09-06T15:42:17.674875+02:00,scraped from website with selenium,
0,LUXCONNECT_-_DC_1.1,LUXCONNECT - DC 1.1,,202 zone d'activité Economique Wolser F,,3290 Bettembourg,,Luxemburg,LU,,,,,,,carte.dcmag.fr,,2024-09-06T15:42:18.067919+02:00,scraped from website with selenium,
0,LUXCONNECT_-_DC_1.2,LUXCONNECT - DC 1.2,,202 zone d'activité Economique Wolser F,,3290 Bettembourg,,Luxemburg,LU,,,,,,,carte.dcmag.fr,,2024-09-06T15:42:18.464326+02:00,scraped from website with selenium,
0,LUXCONNECT_-_DC_1.3,LUXCONNECT - DC 1.3,,202 zone d'activité Economique Wolser F,,3290 Bettembourg,,Luxemburg,LU,,,,,,,carte.dcmag.fr,,2024-09-06T15:42:18.795057+02:00,scraped from website with selenium,
0,LUXCONNECT_-_DC_2,LUXCONNECT - DC 2,,1 ZA et Commerciale Klengbusbierg,Roost,7795 Bissen,,Luxemburg,LU,,,,,,,carte.dcmag.fr,,2024-09-06T15:42:19.157791+02:00,scraped from website with selenium,
0,MAXNOD,MAXNOD,,1411 Rte de Sandrans,Saint-Trivier-sur-Moignans,01990 Saint-Trivier-sur-Moigna,Auvergne-Rhône-Alpes,France,FR,,,,,,,carte.dcmag.fr,,2024-09-06T15:42:19.553432+02:00,scraped from website with selenium,
0,MENGINE,MENGINE,,61 Rue des Écoles,,95610 Éragny,Île-de-France,France,FR,,,,,,,carte.dcmag.fr,,2024-09-06T15:42:19.928032+02:00,scraped from website with selenium,
0,MONACO_TELECOM_-_DC1,MONACO TELECOM - DC1,,Monte-Carlo,Monaco,98000,,Monaco,MC,,,,,,,carte.dcmag.fr,,2024-09-06T15:42:20.272978+02:00,scraped from website with selenium,
0,MONACO_TELECOM_-_DC2,MONACO TELECOM - DC2,,Fontvieille,Monaco,98000,,Monaco,MC,,,,,,,carte.dcmag.fr,,2024-09-06T15:42:20.637094+02:00,scraped from website with selenium,
0,MONACO_TELECOM_-_DC3,MONACO TELECOM - DC3,,Fontvieille,Monaco,98000,,Monaco,MC,,,,,,,carte.dcmag.fr,,2024-09-06T15:42:20.973086+02:00,scraped from website with selenium,
0,MONACODATACENTER,MONACODATACENTER,,14 Av. de Grande Bretagne,Monaco,98000 Monaco,,Monaco,MC,,,,,,,carte.dcmag.fr,,2024-09-06T15:42:21.346953+02:00,scraped from website with selenium,
0,MORESI,MORESI,,Via Pedemonte di Sopra 1,Val Mara,6818 Melano,Tessin,Switzerland,CH,,,,,,,carte.dcmag.fr,,2024-09-06T15:42:21.716762+02:00,scraped from website with selenium,
0,MOUNT10_-_SWISS_FORT_KNOX_I,MOUNT10 - SWISS FORT KNOX I,,Lusflue-Weg,Blankenburg,3771 Zweisimmen,Berne,Switzerland,CH,,,,,,,carte.dcmag.fr,,2024-09-06T15:42:22.664985+02:00,scraped from website with selenium,
0,MOUNT10_-_SWISS_FORT_KNOX_II,MOUNT10 - SWISS FORT KNOX II,,Allmistrasse 11,Gessenay,3792 Saanen,Berne,Switzerland,CH,,,,,,,carte.dcmag.fr,,2024-09-06T15:42:23.715181+02:00,scraped from website with selenium,
0,MSI,MSI,,15 rue Jules Lammens,,59370 Mons-en-Baroeul,Hauts-de-France,France,FR,,,,,,,carte.dcmag.fr,,2024-09-06T15:42:24.482746+02:00,scraped from website with selenium,
0,NDC_-_NORMANDIE,NDC - NORMANDIE,,Voie Marmaille,,27100 Val-de-Reuil,Normandie,France,FR,,,,,,,carte.dcmag.fr,,2024-09-06T15:42:25.319180+02:00,scraped from website with selenium,
0,NDC_-_ROAZHON,NDC - ROAZHON,,zone d’activité,Noyal-sur-Vilaine,35530 Noyal-sur-Vilaine,Bretagne,France,FR,,,,,,,carte.dcmag.fr,,2024-09-06T15:42:26.116843+02:00,scraped from website with selenium,
0,NETIWAN,NETIWAN,,15 Rue Etienne Velay,Bouillargues,30230 Bouillargues,Occitanie,France,FR,,,,,,,carte.dcmag.fr,,2024-09-06T15:42:26.481228+02:00,scraped from website with selenium,
0,NEXEREN_-_CIVRIEUX_1,NEXEREN - CIVRIEUX 1,,"Technoparc Saone Vallée, D66",Civrieux,01390 Civrieux,Auvergne-Rhône-Alpes,France,FR,,,,,,,carte.dcmag.fr,,2024-09-06T15:42:27.345383+02:00,scraped from website with selenium,
0,NEXEREN_-_CIVRIEUX_2,NEXEREN - CIVRIEUX 2,,"Technoparc Saone Vallée, D66",Civrieux,01390 Civrieux,Auvergne-Rhône-Alpes,France,FR,,,,,,,carte.dcmag.fr,,2024-09-06T15:42:27.978552+02:00,scraped from website with selenium,
0,NEXEREN_-_CLERMONT-FERRAND,NEXEREN - CLERMONT-FERRAND,,35 Rue Jules Verne,Clermont-Ferrand,63000 Clermont-Ferrand,Auvergne-Rhône-Alpes,France,FR,,,,,,,carte.dcmag.fr,,2024-09-06T15:42:28.378035+02:00,scraped from website with selenium,
0,NEXEREN_-_ECOCENTER,NEXEREN - ECOCENTER,,95 Rue Pierre Gilles de Gennes,Cébazat,63118 Cébazat,Auvergne-Rhône-Alpes,France,FR,,,,,,,carte.dcmag.fr,,2024-09-06T15:42:28.734710+02:00,scraped from website with selenium,
0,NEXEREN_-_VIENNE,NEXEREN - VIENNE,,242 Rte du Barrage,Reventin-Vaugris,38121 Reventin-Vaugris,Auvergne-Rhône-Alpes,France,FR,,,,,,,carte.dcmag.fr,,2024-09-06T15:42:29.101820+02:00,scraped from website with selenium,
0,NFRANCE,NFRANCE,,9 rue Ritay,Toulouse,31000 Toulouse,Occitanie,France,FR,,,,,,,carte.dcmag.fr,,2024-09-06T15:42:29.460002+02:00,scraped from website with selenium,
0,NRB_-_HERSTAL,NRB - HERSTAL,,2ème Avenue 65,,4040 Herstal,Liège,Belgium,BE,,,,,,,carte.dcmag.fr,,2024-09-06T15:42:29.789650+02:00,scraped from website with selenium,
0,NRB_-_VILLERS-LE-BOUILLET,NRB - VILLERS-LE-BOUILLET,,Rue de la Science 3,Villers-le-Bouillet,4530 Villers-le-Bouillet,Liège,Belgium,BE,,,,,,,carte.dcmag.fr,,2024-09-06T15:42:30.152147+02:00,scraped from website with selenium,
0,NTS_COLOCATION_-_COLOBERN_NORD²,NTS COLOCATION - COLOBERN NORD²,,Wölflistrasse 1d,Berne,3006 Bern,Berne,Switzerland,CH,,,,,,,carte.dcmag.fr,,2024-09-06T15:42:30.549327+02:00,scraped from website with selenium,
0,NTS_COLOCATION_-_COLOBERN_SUD,NTS COLOCATION - COLOBERN SUD,,Chutzenstrasse 24,Berne,3007 Bern,Berne,Switzerland,CH,,,,,,,carte.dcmag.fr,,2024-09-06T15:42:30.903585+02:00,scraped from website with selenium,
0,NTS_COLOCATION_-_COLOZÜRI.CH,NTS COLOCATION - COLOZÜRI.CH,,Badenerstrasse 569,Zurich,8048 Zürich,Zurich,Switzerland,CH,,,,,,,carte.dcmag.fr,,2024-09-06T15:42:31.243565+02:00,scraped from website with selenium,
0,NTT_-_ZÜRICH,NTT - ZÜRICH,,Hofwisenstrasse 56,Rümlang,8153 Rümlang,Zurich,Switzerland,CH,,,,,,,carte.dcmag.fr,,2024-09-06T15:42:31.648199+02:00,scraped from website with selenium,
0,NTT_DATA_-_PARIS_1,NTT DATA - PARIS 1,,Le Coudray-Montceaux,Le Coudray-Montceaux,91830,Île-de-France,France,FR,,,,,,,carte.dcmag.fr,,2024-09-06T15:42:32.050518+02:00,scraped from website with selenium,
0,O2SWITCH,O2SWITCH,,Chem. des Pardiaux,Clermont-Ferrand,63000 Clermont-Ferrand,Auvergne-Rhône-Alpes,France,FR,,,,,,,carte.dcmag.fr,,2024-09-06T15:42:32.396333+02:00,scraped from website with selenium,
0,ONE_SYSTEM,ONE SYSTEM,,"ZAE FOLLIOUSES, 29 Rue de Folliouse",,01700 Miribel,Auvergne-Rhône-Alpes,France,FR,,,,,,,carte.dcmag.fr,,2024-09-06T15:42:32.754399+02:00,scraped from website with selenium,
0,ORANGE_BUSINESS_SERVICES_-_CHARTRES,ORANGE BUSINESS SERVICES - CHARTRES,,5 rue du Commandant Charcot,,28300 Amilly,Centre-Val de Loire,France,FR,,,,,,,carte.dcmag.fr,,2024-09-06T15:42:33.105093+02:00,scraped from website with selenium,
0,ORANGE_BUSINESS_SERVICES_-_NORMANDIE_1,ORANGE BUSINESS SERVICES - NORMANDIE 1,,7 Voie de l'Orée,,27100 Val de Reuil,Normandie,France,FR,,,,,,,carte.dcmag.fr,,2024-09-06T15:42:33.484157+02:00,scraped from website with selenium,
0,ORANGE_BUSINESS_SERVICES_-_NORMANDIE_2,ORANGE BUSINESS SERVICES - NORMANDIE 2,,7 Voie de l'Orée,,27100 Val-de-Reuil,Normandie,France,FR,,,,,,,carte.dcmag.fr,,2024-09-06T15:42:33.929351+02:00,scraped from website with selenium,
0,OVHCLOUD_-_GRA-1,OVHCLOUD - GRA-1,,Rte de la Frm Masson,,59820 Gravelines,Hauts-de-France,France,FR,,,,,,,carte.dcmag.fr,,2024-09-06T15:42:34.312341+02:00,scraped from website with selenium,
0,OVHCLOUD_-_GRA-2,OVHCLOUD - GRA-2,,Rte de la Frm Masson,,59820 Gravelines,Hauts-de-France,France,FR,,,,,,,carte.dcmag.fr,,2024-09-06T15:42:34.868767+02:00,scraped from website with selenium,
0,OVHCLOUD_-_GRA-3,OVHCLOUD - GRA-3,,Rte de la Frm Masson,,59820 Gravelines,Hauts-de-France,France,FR,,,,,,,carte.dcmag.fr,,2024-09-06T15:42:35.371951+02:00,scraped from website with selenium,
0,OVHCLOUD_-_RBX-1,OVHCLOUD - RBX-1,,2 Rue Kellermann,,59100 Roubaix,Hauts-de-France,France,FR,,,,,,,carte.dcmag.fr,,2024-09-06T15:42:35.699013+02:00,scraped from website with selenium,
0,OVHCLOUD_-_RBX-2,OVHCLOUD - RBX-2,,2 Rue Kellermann,,59100 Roubaix,Hauts-de-France,France,FR,,,,,,,carte.dcmag.fr,,2024-09-06T15:42:36.047206+02:00,scraped from website with selenium,
0,OVHCLOUD_-_RBX-3,OVHCLOUD - RBX-3,,2 Rue Kellermann,,59100 Roubaix,Hauts-de-France,France,FR,,,,,,,carte.dcmag.fr,,2024-09-06T15:42:36.411697+02:00,scraped from website with selenium,
0,OVHCLOUD_-_RBX-4,OVHCLOUD - RBX-4,,2 Rue Kellermann,,59100 Roubaix,Hauts-de-France,France,FR,,,,,,,carte.dcmag.fr,,2024-09-06T15:42:36.806846+02:00,scraped from website with selenium,
0,OVHCLOUD_-_RBX-5,OVHCLOUD - RBX-5,,2 Rue Kellermann,,59100 Roubaix,Hauts-de-France,France,FR,,,,,,,carte.dcmag.fr,,2024-09-06T15:42:37.166342+02:00,scraped from website with selenium,
0,OVHCLOUD_-_RBX-6,OVHCLOUD - RBX-6,,2 Rue Kellermann,,59100 Roubaix,Hauts-de-France,France,FR,,,,,,,carte.dcmag.fr,,2024-09-06T15:42:37.630050+02:00,scraped from website with selenium,
0,OVHCLOUD_-_RBX-7,OVHCLOUD - RBX-7,,2 Rue Kellermann,,59100 Roubaix,Hauts-de-France,France,FR,,,,,,,carte.dcmag.fr,,2024-09-06T15:42:38.190035+02:00,scraped from website with selenium,
0,OVHCLOUD_-_RBX-8,OVHCLOUD - RBX-8,,2 Rue Kellermann,,59100 Roubaix,Hauts-de-France,France,FR,,,,,,,carte.dcmag.fr,,2024-09-06T15:42:38.774165+02:00,scraped from website with selenium,
0,OVHCLOUD_-_SBG-1,OVHCLOUD - SBG-1,,9 Rue du Bass. de l'Industrie,Strasbourg,67000 Strasbourg,Grand Est,France,FR,,,,,,,carte.dcmag.fr,,2024-09-06T15:42:39.173618+02:00,scraped from website with selenium,
0,OVHCLOUD_-_SBG-2,OVHCLOUD - SBG-2,,9 Rue du Bass. de l'Industrie,,67000 Strasbourg,Bade-Wurtemberg,DE,DE,,,,,,,carte.dcmag.fr,,2024-09-06T15:42:39.567592+02:00,scraped from website with selenium,
0,PENTA_INFRA_-_PAR1,PENTA INFRA - PAR1,,93 Cr des Petites Écuries,,77185 Lognes,Île-de-France,France,FR,,,,,,,carte.dcmag.fr,,2024-09-06T15:42:39.939105+02:00,scraped from website with selenium,
0,PHOCEA_DC,PHOCEA DC,,3e Arrondissement,Marseille,13003 Marseille,Provence-Alpes-Côte d'Azur,France,FR,,,,,,,carte.dcmag.fr,,2024-09-06T15:42:40.493782+02:00,scraped from website with selenium,
0,PLANETHOSTER,PLANETHOSTER,,Paris,Paris,75000 Paris,Île-de-France,France,FR,,,,,,,carte.dcmag.fr,,2024-09-06T15:42:41.053488+02:00,scraped from website with selenium,
0,PROSOLUCE,PROSOLUCE,,Rue du Chêne Besson,Estancarbon,31800 Saint-Gaudens,Occitanie,France,FR,,,,,,,carte.dcmag.fr,,2024-09-06T15:42:41.710650+02:00,scraped from website with selenium,
0,RUBIX_DATACENTER,RUBIX DATACENTER,,Boulevard de l'industrie,,71200 LE CREUSOT,Bourgogne-Franche-Comté,France,FR,,,,,,,carte.dcmag.fr,,2024-09-06T15:42:42.221611+02:00,scraped from website with selenium,
0,RZO,RZO,,Forren 8,Gais,9056 Gais,Appenzell Rhodes-Extérieures,Switzerland,CH,,,,,,,carte.dcmag.fr,,2024-09-06T15:42:43.458614+02:00,scraped from website with selenium,
0,SCALEWAY_-_DC2,SCALEWAY - DC2,,29 rue Edith Cavell,Vitry-sur-Seine,94400 Vitry sur Seine,Île-de-France,France,FR,,,,,,,carte.dcmag.fr,,2024-09-06T15:42:44.276971+02:00,scraped from website with selenium,
0,SCALEWAY_-_DC3,SCALEWAY - DC3,,61 rue julian Grimau,Vitry-sur-Seine,94400 Vitry sur Seine,Île-de-France,France,FR,,,,,,,carte.dcmag.fr,,2024-09-06T15:42:44.741503+02:00,scraped from website with selenium,
0,SCALEWAY_–_DC4,SCALEWAY – DC4,,58 boulevard Lefebvre,Paris,75015 Paris,Île-de-France,France,FR,,,,,,,carte.dcmag.fr,,2024-09-06T15:42:45.189869+02:00,scraped from website with selenium,
0,SCALEWAY_–_DC5,SCALEWAY – DC5,,Parc d’Activité du Vert Galant,Saint-Ouen-l'Aumône,95310 Saint-Ouen-l'Aumône,Île-de-France,France,FR,,,,,,,carte.dcmag.fr,,2024-09-06T15:42:45.771685+02:00,scraped from website with selenium,
0,SENSELAN_-_BONNSTRASSE,SENSELAN - BONNSTRASSE,,Bonnstrasse 20,Guin,3186 Düdingen,Fribourg,Switzerland,CH,,,,,,,carte.dcmag.fr,,2024-09-06T15:42:46.175977+02:00,scraped from website with selenium,
0,SENSELAN_-_DUENSTRASSE,SENSELAN - DUENSTRASSE,,Duensstrasse 1,Guin,3186 Düdingen,Fribourg,Switzerland,CH,,,,,,,carte.dcmag.fr,,2024-09-06T15:42:46.659502+02:00,scraped from website with selenium,
0,SICLOUD,SICLOUD,,525 Avenue de Saint-Sauveur,Saint-Clément-de-Rivière,34980 Saint-Clément-de-Rivière,Occitanie,France,FR,,,,,,,carte.dcmag.fr,,2024-09-06T15:42:47.137196+02:00,scraped from website with selenium,
0,SIGMA_-_CARQUEFOU,SIGMA - CARQUEFOU,,14 Rue Véga,Carquefou,44470 Carquefou,Pays de la Loire,France,FR,,,,,,,carte.dcmag.fr,,2024-09-06T15:42:48.337315+02:00,scraped from website with selenium,
0,SIGMA_-_LA_CHAPELLE-SUR-ERDRE,SIGMA - LA CHAPELLE-SUR-ERDRE,,8 Rue Newton,La Chapelle-sur-Erdre,44240 La Chapelle-sur-Erdre,Pays de la Loire,France,FR,,,,,,,carte.dcmag.fr,,2024-09-06T15:42:49.141139+02:00,scraped from website with selenium,
0,SIGNALHORN,SIGNALHORN,,Brentjong 2,Thel,3953 Leuk,Valais,Switzerland,CH,,,,,,,carte.dcmag.fr,,2024-09-06T15:42:49.656492+02:00,scraped from website with selenium,
0,SITEC_-_AIACCIU,SITEC - AIACCIU,,Zone Industrielle du Vazzio,,20090 Ajaccio,Corse,France,FR,,,,,,,carte.dcmag.fr,,2024-09-06T15:42:50.009245+02:00,scraped from website with selenium,
0,SITEC_-_BASTIA,SITEC - BASTIA,,Parc Technologique Erbajolo,,20601 Furiani,Corse,France,FR,,,,,,,carte.dcmag.fr,,2024-09-06T15:42:50.341951+02:00,scraped from website with selenium,
0,SOMME_NUMÉRIQUE,SOMME NUMÉRIQUE,,Promenade de la Hotoie,Amiens,80000 Amiens,Hauts-de-France,France,FR,,,,,,,carte.dcmag.fr,,2024-09-06T15:42:50.687416+02:00,scraped from website with selenium,
0,STACK_INFRASTUCTURE_-_AVE01,STACK INFRASTUCTURE - AVE01,,Route IndustrielleRte de l'Estivage 10,Avenches,1580 Avenches,Vaud,Switzerland,CH,,,,,,,carte.dcmag.fr,,2024-09-06T15:42:51.141114+02:00,scraped from website with selenium,
0,STACK_INFRASTUCTURE_-_GEN01,STACK INFRASTUCTURE - GEN01,,Chem. du Pré-Fleuri 20,,1228 Plan-les-Ouates,Genève,Switzerland,CH,,,,,,,carte.dcmag.fr,,2024-09-06T15:42:51.568763+02:00,scraped from website with selenium,
0,STACK_INFRASTUCTURE_-_GEN02,STACK INFRASTUCTURE - GEN02,,Rte des Avouillons 32,,1196 Gland,Vaud,Switzerland,CH,,,,,,,carte.dcmag.fr,,2024-09-06T15:42:52.066214+02:00,scraped from website with selenium,
0,STACK_INFRASTUCTURE_-_ZUR01,STACK INFRASTUCTURE - ZUR01,,Zurich,Zurich,8001,Zurich,Switzerland,CH,,,,,,,carte.dcmag.fr,,2024-09-06T15:42:52.491230+02:00,scraped from website with selenium,
0,STACK_INFRASTUCTURE_-_ZURL1,STACK INFRASTUCTURE - ZURL1,,Zurich,Zurich,8001,Zurich,Switzerland,CH,,,,,,,carte.dcmag.fr,,2024-09-06T15:42:52.927605+02:00,scraped from website with selenium,
0,SUNGARD_-_LOGNES_1,SUNGARD - LOGNES 1,,93 Cours des Petites Ecuries,,77185 Lognes,Île-de-France,France,FR,,,,,,,carte.dcmag.fr,,2024-09-06T15:42:53.268202+02:00,scraped from website with selenium,
0,SUNGARD_-_LOGNES_2,SUNGARD - LOGNES 2,,93 Cr des Petites Écuries,,77185 Lognes,Île-de-France,France,FR,,,,,,,carte.dcmag.fr,,2024-09-06T15:42:53.627249+02:00,scraped from website with selenium,
0,SUNGARD_-_LOGNES_3,SUNGARD - LOGNES 3,,93 Cr des Petites Écuries,,77185 Lognes,Île-de-France,France,FR,,,,,,,carte.dcmag.fr,,2024-09-06T15:42:53.977161+02:00,scraped from website with selenium,
0,SWISS_DATA_SAFE,SWISS DATA SAFE,,Gotthardstrasse 1,Amsteg,6474 Silenen,Uri,Switzerland,CH,,,,,,,carte.dcmag.fr,,2024-09-06T15:42:54.322525+02:00,scraped from website with selenium,
0,SWISSCOLOCATION,SWISSCOLOCATION,,Viale Serfontana 7,Morbio Inferiore,6834 Morbio Inferiore,Tessin,Switzerland,CH,,,,,,,carte.dcmag.fr,,2024-09-06T15:42:54.687328+02:00,scraped from website with selenium,
0,SYNAAPS_-_PARIS,SYNAAPS - PARIS,,Rue Eugène Varlin 13,Paris,75000 Paris,Île-de-France,France,FR,,,,,,,carte.dcmag.fr,,2024-09-06T15:42:55.025705+02:00,scraped from website with selenium,
0,SYNAAPS_-_VILLEURBANNE,SYNAAPS - VILLEURBANNE,,49 Avenue Albert Einstein,Villeurbanne,69100 Villeurbanne,Auvergne-Rhône-Alpes,France,FR,,,,,,,carte.dcmag.fr,,2024-09-06T15:42:55.374443+02:00,scraped from website with selenium,
0,TAS_GROUP,TAS GROUP,,15 traverse des Brucs,Valbonne,06560 Valbonne,Provence-Alpes-Côte d'Azur,France,FR,,,,,,,carte.dcmag.fr,,2024-09-06T15:42:56.227466+02:00,scraped from website with selenium,
0,TDF_-_AIX-MARSEILLE,TDF - AIX-MARSEILLE,,6505 Route de la Tour d'Arbois,Aix-en-Provence,13290 Aix-en-Provence,Provence-Alpes-Côte d'Azur,France,FR,,,,,,,carte.dcmag.fr,,2024-09-06T15:42:56.856187+02:00,scraped from website with selenium,
0,TDF_-_BORDEAUX-BOULIAC,TDF - BORDEAUX-BOULIAC,,Avenue du Domaine de Vialle,Bouliac,33270 Bouliac,Nouvelle-Aquitaine,France,FR,,,,,,,carte.dcmag.fr,,2024-09-06T15:42:57.650919+02:00,scraped from website with selenium,
0,TDF_-_LILLE,TDF - LILLE,,35 Rue Gambetta,Lambersart,59130 Lambersart,Hauts-de-France,France,FR,,,,,,,carte.dcmag.fr,,2024-09-06T15:42:58.651459+02:00,scraped from website with selenium,
0,TDF_-_RENNES,TDF - RENNES,,2 Rue du Clos Courtel,Rennes,35700 Rennes,Bretagne,France,FR,,,,,,,carte.dcmag.fr,,2024-09-06T15:42:59.286197+02:00,scraped from website with selenium,
0,TELEHOUSE_-_TH1,TELEHOUSE - TH1,,38 rue des Jeuneurs,Paris,75002 Paris,Île-de-France,France,FR,,,,,,,carte.dcmag.fr,,2024-09-06T15:42:59.698071+02:00,scraped from website with selenium,
0,TELEHOUSE_-_TH2,TELEHOUSE - TH2,,"137, Boulevard Voltaire",Paris,75011 Paris,Île-de-France,France,FR,,,,,,,carte.dcmag.fr,,2024-09-06T15:43:00.045442+02:00,scraped from website with selenium,
0,TELEHOUSE_-_TH3,TELEHOUSE - TH3,,"1, rue Pablo Picasso",Magny-les-Hameaux,78114 Magny-les-Hameaux,Île-de-France,France,FR,,,,,,,carte.dcmag.fr,,2024-09-06T15:43:00.668630+02:00,scraped from website with selenium,
0,TELEHOUSE_-_THM1,TELEHOUSE - THM1,,71 Avenue André Roussin,Marseille,13016 Marseille,Provence-Alpes-Côte d'Azur,France,FR,,,,,,,carte.dcmag.fr,,2024-09-06T15:43:01.463067+02:00,scraped from website with selenium,
0,TELFAX,TELFAX,,"2, rue Blaise Pascal",Saint-Beauzire,63360 Saint Beauzire,Auvergne-Rhône-Alpes,France,FR,,,,,,,carte.dcmag.fr,,2024-09-06T15:43:02.214083+02:00,scraped from website with selenium,
0,THÉSÉE_DATACENTER,THÉSÉE DATACENTER,,Rue du Clos Reine,Aubergenville,78410 Aubergenville,Île-de-France,France,FR,,,,,,,carte.dcmag.fr,,2024-09-06T15:43:02.878258+02:00,scraped from website with selenium,
0,TITAN_DATACENTER_-_DC1,TITAN DATACENTER - DC1,,1210 Chem. de la Plaine,Mougins,06250 Mougins,Provence-Alpes-Côte d'Azur,France,FR,,,,,,,carte.dcmag.fr,,2024-09-06T15:43:03.282553+02:00,scraped from website with selenium,
0,TREEFAZ,TREEFAZ,,35 Rue des Jeuneurs,Paris,75002 Paris,Île-de-France,France,FR,,,,,,,carte.dcmag.fr,,2024-09-06T15:43:03.632592+02:00,scraped from website with selenium,
0,ULTRAEDGE_-_BORDEAUX_PERY_NETCENTER,ULTRAEDGE - BORDEAUX PERY NETCENTER,,Rue du Docteur Gabriel PERI (Technolac Net Center Bordeaux),Bordeaux,33300 Bordeaux,Nouvelle-Aquitaine,France,FR,,,,,,,carte.dcmag.fr,,2024-09-06T15:43:03.996739+02:00,scraped from website with selenium,
0,ULTRAEDGE_-_COURBEVOIE_1_NETCENTER,ULTRAEDGE - COURBEVOIE 1 NETCENTER,,124 boulevard de Verdun,,92400 Courbevoie,Île-de-France,France,FR,,,,,,,carte.dcmag.fr,,2024-09-06T15:43:04.352067+02:00,scraped from website with selenium,
0,ULTRAEDGE_-_LILLE_NETCENTER,ULTRAEDGE - LILLE NETCENTER,,Port de Lille   - 1ère Avenue - Bat B,Lille,59000 Lille,Hauts-de-France,France,FR,,,,,,,carte.dcmag.fr,,2024-09-06T15:43:04.703978+02:00,scraped from website with selenium,
0,ULTRAEDGE_-_RENNES_NETCENTER,ULTRAEDGE - RENNES NETCENTER,,"7-9 ALLEE DE BRAY , lieu-dit LA BARAQUE",,35510 CESSON SEVIGNE,Bretagne,France,FR,,,,,,,carte.dcmag.fr,,2024-09-06T15:43:05.044925+02:00,scraped from website with selenium,
0,ULTRAEDGE_-_STRASBOURG_NETCENTER,ULTRAEDGE - STRASBOURG NETCENTER,,1 rue du Havre,Strasbourg,67000 Strasbourg,Grand Est,France,FR,,,,,,,carte.dcmag.fr,,2024-09-06T15:43:05.387097+02:00,scraped from website with selenium,
0,ULTRAEDGE_-_VENISSIEUX_NETCENTER,ULTRAEDGE - VENISSIEUX NETCENTER,,6 RUE GEORGES MARRANE,,69200 VENISSIEUX,Auvergne-Rhône-Alpes,France,FR,,,,,,,carte.dcmag.fr,,2024-09-06T15:43:05.749014+02:00,scraped from website with selenium,
0,UNIMEDIA,UNIMEDIA,,14 Bd de Lavoisier,Angers,49000 Angers,Pays de la Loire,France,FR,,,,,,,carte.dcmag.fr,,2024-09-06T15:43:06.090603+02:00,scraped from website with selenium,
0,VANTAGE_DC_-_CAMPUS_ZRH1,VANTAGE DC - CAMPUS ZRH1,,Fabrikstrasse 12,Winterthour,8404 Winterthur,Zurich,Switzerland,CH,,,,,,,carte.dcmag.fr,,2024-09-06T15:43:06.548701+02:00,scraped from website with selenium,
0,VIRTUA_NETWORKS,VIRTUA NETWORKS,,24 rue des Champoulains,,89000 Auxerre,Bourgogne-Franche-Comté,France,FR,,,,,,,carte.dcmag.fr,,2024-09-06T15:43:06.948682+02:00,scraped from website with selenium,
